Label,Autocorrelation Z Accel Left,Excess Kurtosis Z Accel Left,L2 Norm Z Accel Left,Max Z Accel Left,Mean Z Accel Left,Min Z Accel Left,Root Mean Squared Z Accel Left,Skew Z Accel Left,Std Dev Z Accel Left,Zero Crossing Rate Z Accel Left,Frequency Center Z Accel Left,Mean Square Frequency Z Accel Left,Root Mean Square Frequency Z Accel Left,Root Variance Frequency Z Accel Left,Variance Frequency Z Accel Left,Autocorrelation Y Gyro Left,Excess Kurtosis Y Gyro Left,L2 Norm Y Gyro Left,Max Y Gyro Left,Mean Y Gyro Left,Min Y Gyro Left,Root Mean Squared Y Gyro Left,Skew Y Gyro Left,Std Dev Y Gyro Left,Zero Crossing Rate Y Gyro Left,Frequency Center Y Gyro Left,Mean Square Frequency Y Gyro Left,Root Mean Square Frequency Y Gyro Left,Root Variance Frequency Y Gyro Left,Variance Frequency Y Gyro Left,Autocorrelation Z Gyro Left,Excess Kurtosis Z Gyro Left,L2 Norm Z Gyro Left,Max Z Gyro Left,Mean Z Gyro Left,Min Z Gyro Left,Root Mean Squared Z Gyro Left,Skew Z Gyro Left,Std Dev Z Gyro Left,Zero Crossing Rate Z Gyro Left,Frequency Center Z Gyro Left,Mean Square Frequency Z Gyro Left,Root Mean Square Frequency Z Gyro Left,Root Variance Frequency Z Gyro Left,Variance Frequency Z Gyro Left,Autocorrelation X Accel Left,Excess Kurtosis X Accel Left,L2 Norm X Accel Left,Max X Accel Left,Mean X Accel Left,Min X Accel Left,Root Mean Squared X Accel Left,Skew X Accel Left,Std Dev X Accel Left,Zero Crossing Rate X Accel Left,Frequency Center X Accel Left,Mean Square Frequency X Accel Left,Root Mean Square Frequency X Accel Left,Root Variance Frequency X Accel Left,Variance Frequency X Accel Left,Autocorrelation X Gyro Left,Excess Kurtosis X Gyro Left,L2 Norm X Gyro Left,Max X Gyro Left,Mean X Gyro Left,Min X Gyro Left,Root Mean Squared X Gyro Left,Skew X Gyro Left,Std Dev X Gyro Left,Zero Crossing Rate X Gyro Left,Frequency Center X Gyro Left,Mean Square Frequency X Gyro Left,Root Mean Square Frequency X Gyro Left,Root Variance Frequency X Gyro Left,Variance Frequency X Gyro Left,Autocorrelation Y Accel Left,Excess Kurtosis Y Accel Left,L2 Norm Y Accel Left,Max Y Accel Left,Mean Y Accel Left,Min Y Accel Left,Root Mean Squared Y Accel Left,Skew Y Accel Left,Std Dev Y Accel Left,Zero Crossing Rate Y Accel Left,Frequency Center Y Accel Left,Mean Square Frequency Y Accel Left,Root Mean Square Frequency Y Accel Left,Root Variance Frequency Y Accel Left,Variance Frequency Y Accel Left
1,1.3635574606042202,-0.6489595942245485,1.3591409085835777,0.8408407286703703,0.5249995003898134,0.3414679430030594,1.3591409085835802,0.8238209937827818,0.3103059623222678,0.10179731971185689,-1.0371449077779717,-0.9029672752654595,-0.975683210496306,-0.975683210496306,0.9701231003233716,-1.001069470199486,-0.6236475774292894,-1.0386590347341178,1.2981879175947728,1.3803642269690655,0.6271499641453675,-1.0386590347341171,0.8229340863960783,1.1979566885950785,1.3363062095621219,-1.125859463920603,0.019077358800133268,0.18142657582593535,0.18142657582593535,0.9308336325895383,1.2546160242428672,0.8668995764281268,1.2441608492630223,1.3294089988784907,1.2422962153073198,1.0763880422550782,1.2441608492630247,1.3483158286503647,1.3758408801070847,0.0,1.4088850627759792,1.2327897457353718,1.1699534064399861,1.1699534064399861,-1.4134632863542897,1.1993288284199277,0.4849108914813139,1.1864358340420815,-1.3664591892901206,-1.1611444256308192,-0.8482715426730681,1.1864358340420809,1.1408443778276562,-0.5667968457468249,-0.7071067811865475,-1.075660940097489,-0.8669633304912029,-0.8938064568983818,-0.8938064568983818,1.1623229462834375,1.042040456902638,-0.6488973772175064,0.9313025739313374,1.017919096327743,1.410942954481148,1.0014169626941176,0.9313025739313373,-0.0739356148505813,0.11101947714107029,-0.8024539034538939,-0.7488039943097825,-0.6953242231596168,-0.678836869138252,-0.678836869138252,0.7205863806511089,0.8237861980159131,0.3304163470055322,0.8178670914255837,0.6579105732012949,0.6726611325892692,0.6540837057908778,0.8178670914255811,-0.6488779329204283,1.0044035666937186,-0.7071067811865477,0.3189301627621491,0.5403348537551845,0.5992142534848308,0.5992142534848308,0.07074228985786933
1,-0.356919855214902,1.4126611164694536,-0.3411151500624943,0.5643334890499206,-1.3997251647204667,-1.3592413265170316,-0.34111515006249216,-1.4073949154796792,1.0397456159216627,1.1706691766863608,-0.314042601345224,1.3940798262786174,1.3744258959767424,1.3744258959767424,0.4060870781064762,1.365632958930939,1.4110497774789814,1.3505277832301996,-0.1632636407251092,-0.9565389243193047,-1.4113054553011293,1.3505277832302,0.5845674025344308,0.051924743103138986,-0.26726124191242445,-0.1782385017257557,1.2150947517890012,1.1239114682105262,1.1239114682105262,0.456625244204709,-1.192510607466471,0.5342091616704258,-1.2043585676790038,-1.0824410016456825,-1.2064045344230139,-1.3325752815231442,-1.204358567679001,-1.0436620681017814,-0.9712866421130382,0.0,-0.5982250191075581,-0.01625148824423764,0.10306891305090875,0.10306891305090875,0.666842376495515,0.049340802248784885,-1.392953629351608,0.0733235361352175,0.9988115380503187,-0.1185756378713079,-0.5558267495887745,0.07332353613521612,0.15335649216504327,1.4054750698715484,1.414213562373095,1.332950056313251,1.40109777594638,1.3960251980637761,1.3960251980637761,-1.2788390680286708,0.30699774516616557,-0.7637604573646579,0.4560355561874974,0.34126426648641334,-0.7887180050961347,-1.3655050181818025,0.4560355561874972,1.260037774206627,1.1654554561715154,-0.6072624134245684,-0.6645731871393662,1.414148477416525,1.4138417118783677,1.4138417118783677,0.6935409764270238,-1.4073991135396946,-1.3560560975567317,-1.4080932254298504,-1.4130979240116375,-1.4136630361143234,-1.4129197831270817,-1.4080932254298513,1.4126568082210833,-1.3643967186194468,1.414213562373095,-1.352659392237602,-1.401992804028601,-1.4089793405712383,-1.4089793405712383,1.1878404664937372
1,-1.0066376053893196,-0.7637015222449054,-1.0180257585210941,-1.4051742177202882,0.8747256643306568,1.0177733835139726,-1.0180257585210912,0.5835739216968973,-1.3500515782439328,-1.2724664963982193,1.3511875091231957,-0.4911125510131582,-0.39874268548043595,-0.39874268548043595,-1.3762101784298482,-0.36456348873145356,-0.7874022000496924,-0.3118687484960842,-1.1349242768696635,-0.4238253026497605,0.7841554911557634,-0.31186874849608304,-1.407501488930509,-1.2498814316982183,-1.0690449676496978,1.3040979656463585,-1.2341721105891337,-1.3053380440364617,-1.3053380440364617,-1.387458876794247,-0.0621054167763961,-1.4011087380985514,-0.03980228158402149,-0.24696799723279914,-0.03589168088430576,0.2561872392680661,-0.03980228158402107,-0.30465376054858334,-0.4045542379940444,0.0,-0.8106600436684213,-1.2165382574911343,-1.273022319490894,-1.273022319490894,0.7466209098587747,-1.2486696306687088,0.9080427378702942,-1.2597593701772962,0.3676476512398018,1.2797200635021269,1.4040982922618455,-1.2597593701772969,-1.2942008699926995,-0.8386782241247333,-0.7071067811865475,-0.2572891162157611,-0.5341344454551766,-0.5022187411653971,-0.5022187411653971,0.11651612174523368,-1.349038202068804,1.4126578345821643,-1.3873381301188352,-1.3591833628141572,-0.6222249493850138,0.364088055487684,-1.3873381301188348,-1.1861021593560461,-1.276474933312585,1.409716316878462,1.4133771814491491,-0.718824254256908,-0.7350048427401155,-0.7350048427401155,-1.4141273570781332,0.5836129155237816,1.0256397505511998,0.5902261340042614,0.7551873508103428,0.7410019035250545,0.7588360773362013,0.5902261340042628,-0.7637788753006549,0.3599931519257313,-0.7071067811865477,1.0337292294754512,0.861657950273416,0.8097650870864068,0.8097650870864068,-1.2585827563516059
4,-1.324649203415749,0.07464069772697488,-1.7490774103801938,-1.6043788758794522,0.34903953247624636,1.6326178867361787,-1.749077410380194,0.6791262935733581,-1.7212418178197506,-0.4170833671672877,0.7388142110584308,-1.1357554313357459,-1.305960493284417,-1.305960493284417,-0.7176955095467618,-1.3951759550641123,0.7152380374901993,-1.5567211990374252,-0.5723195849707872,0.6476108377047068,1.5648214417518538,-1.556721199037424,-0.12488995404631953,-1.3655382302135644,-1.0916639324710269,1.0906146697541759,-0.87343474556164,-1.163923684616052,-1.163923684616052,-1.1467169108519195,-1.0000000000000022,-1.0,-1.0,0.0,-1.000000000000007,-1.0000000000000013,-1.0000000000000073,1.0,1.0,0.0,-1.0,1.0,1.0,1.0,0.9999999999999999,0.39660986011170773,0.48213525337420216,0.4071419786610833,-2.600378157972318,-2.9688939537395322,1.1631656849111882,0.40714197866108626,2.3187764237851733,-3.155936552506233,0.19822791512600932,-0.7214339554918702,-0.31210686986083025,-0.478770430840702,-0.478770430840702,0.4164598913679611,-1.02413657196595,1.2772796516037928,-1.4003271990511768,-1.6333906952631034,-0.18049370382795105,0.48680745255181984,-1.400327199051176,-0.7637157218147745,-1.358059734116873,-0.08210896554850286,1.2023010402001644,-1.1700283851579651,-1.4224663847660353,-1.4224663847660353,-1.2984825070175707,0.712519130906853,-1.5401437206736084,0.7163770397018904,-0.9161662978805488,-0.010830714264922749,1.4036343119042536,0.7163770397018896,-0.5666151841280784,0.7805830535750254,-1.0596369381007111,-0.5246573072076849,0.3505890900992144,0.7998239230216099,0.7998239230216099,0.43855407720276046
4,-0.5917478358410186,2.76141021958696,-0.6075233430841784,0.9021000976370477,0.4250067319316988,-0.10072027209914525,-0.6075233430841787,-1.01259846782858,-0.5954732069735018,-0.7532401108543564,-0.5025346150619661,0.046980933698037707,0.16781454479425975,0.16781454479425975,0.5456073039946929,-1.4727381068755996,0.4933318125251628,-1.6625226270383913,-0.1730709648847929,0.981823517979331,0.9605563250751078,-1.6625226270383904,-0.6952848804979833,-0.7934213967452177,-0.2950443060732507,0.7035712801880109,-0.3779765228295777,-0.32467812125699297,-0.32467812125699297,-0.6425987265434754,0.9999999999999978,1.0,1.0,0.0,0.9999999999999928,0.9999999999999989,0.9999999999999927,-1.0000000000000002,-1.0,0.0,0.9999999999999998,-1.0,-1.0000000000000002,-1.0000000000000002,-1.0,0.8908383373633718,-1.148861356036571,0.8662686783486623,1.4792378692440282,0.2027120580763375,0.30532444588168406,0.866268678348666,0.03489231329182923,0.8796853695875969,-1.0760943963983383,0.0930665545152769,-0.03764857560935401,0.3458122138485662,0.3458122138485662,0.13321367669509318,-0.43776845067192494,2.475873649384786,-0.3608053363256291,0.36625903229398576,0.9546812175723838,0.8459744344605793,-0.36080533632562894,1.1168670017870612,-0.7424488265045649,-0.7155209854940968,1.4813520947700012,-0.036566651242803325,0.10888623119526464,0.10888623119526464,-1.7104200413998052,-2.6457945942169334,1.4816765750157839,-2.7956510309713742,-2.518464499718909,-3.3643494779992054,-0.634680966734936,-2.795651030971375,2.1461323932622682,-3.257830336541123,0.4750096619072153,0.247981290025574,-0.2756916480702176,-0.21063080446377497,-0.21063080446377497,0.0017729520476847942
5,-0.41188549947629904,0.42224561776858105,-0.3366680846064212,-0.6785833850512665,-1.4176103400326259,-0.7457621175811963,-0.3366680846064226,-0.33572520958561425,-0.46146265418342974,-0.1266191045926398,0.057150655745149805,-0.4407046911255268,-0.3273500230171997,-0.3273500230171997,0.054997995229135135,-0.9975107222670068,-0.6673409129784035,-0.9655187525448453,1.0750345492971447,1.6720994295224734,1.2287920658231244,-0.9655187525448448,-0.16413144689533185,0.005540754751486528,0.8712565696762816,-0.4073884529998843,-0.6826252209355138,-0.7512487768792669,-0.7512487768792669,0.5240508796086322,0.18060759493021186,-0.007989530090873317,0.22045693368609529,0.8789988215507727,0.11634695564071301,-0.7749708470247626,0.2204569336860939,-0.4445478758773544,1.1999233595736456,0.0,-0.39644346795819035,-0.43589059526896096,-0.25639134745194525,-0.25639134745194525,0.4402150810390233,0.7408442527501615,-0.12351439188503673,0.747520513605549,-1.8283672777050999,-1.0507056246289357,-1.0627241704742054,0.7475205136055498,-0.3809247176835691,-0.9261081554057786,-0.6269075692928593,0.38296210370787537,-0.5985577835476531,-0.5344147666387227,-0.5344147666387227,-0.30195835775206264,-0.1382719934135773,0.49789514412904956,-0.046444487774655735,1.3244266017841921,1.1196177410508152,0.9190237581667648,-0.0464444877746556,0.8429638936472701,-0.07834148047635031,-0.8886857375003621,-0.31271334467140244,-0.8631496773609346,-1.006014119606618,-1.006014119606618,0.3769073830521225,0.6051728968260536,-1.286645571477319,0.61247176217048,0.11822256636917337,0.22511678017167278,-0.06445938069826138,0.6124717621704794,-0.116505733776326,1.0808638841424212,0.06933752452815356,-0.7975056881787245,0.0421564047450887,0.15344425812199156,0.15344425812199156,0.6285546361710327
5,-0.711903840945484,-0.6521266480103525,-0.6894386075455738,-0.7046318491802993,0.4306686421846546,1.1504631838742203,-0.689438607545575,-0.3087511582671531,-0.6018559014199468,-0.7001291665710697,-1.4644027546615883,-0.7445557827702914,-0.7852429229524425,-0.7852429229524425,1.4016489125891687,-0.8350258924398246,-0.12515151517115705,-0.7537494696793998,1.2595842965971609,1.8285837601491335,0.7598902185398796,-0.7537494696793996,-0.3053705672671846,0.21098831185043707,0.8712565696762816,-0.8839810222375272,-0.7963826697731389,-0.9392001741510094,-0.9392001741510094,0.7118452509528297,-0.16122698278365757,-0.2026526496943891,-0.11911025722338789,-0.6273647643375193,-0.09932118068689214,-0.30424649491814637,-0.11911025722339004,-0.8007461838674467,0.013869115597537835,0.0,-0.673503791695421,-0.6220069488003186,-0.6055302245761697,-0.6055302245761697,0.48735953279397776,-1.8024990931417275,-0.4884936050273598,-1.972299031204802,0.6785027690260571,1.404572774556815,2.4753512578006407,-1.9722990312048005,0.11549598819219914,-0.9812739396438802,-0.1671753518114291,-0.27883743375887743,-1.0516999851855275,-1.28586418554701,-1.28586418554701,0.21331664572434386,-0.5442619383314329,0.29263088939506365,-0.5211698783011088,-2.0052130835687887,-1.1594417107714585,-0.6696420479878825,-0.5211698783011094,-1.414958936483767,-0.9494517708666695,-0.8886857375003621,0.0074824988990441505,-0.5567347281772167,-0.550948806163535,-0.550948806163535,0.18184747292273362,1.1330056680554907,-1.2971100262484894,1.0977424952923915,0.10076219808156717,0.3000562222347115,0.13781873680257753,1.0977424952923902,-0.09810696623419315,1.186898241867755,1.5947630641475339,-0.8881321534000542,-0.15076581525285515,-0.047024184480180614,-0.047024184480180614,0.6570387184116597
5,-1.2557004268521068,-0.5620568460347426,-1.4247131795058239,-0.5697927407476555,-0.40477746140070164,1.1922131521090296,-1.4247131795058243,1.7568406978313984,-1.3670231318877415,-1.5194292551116841,-0.42108271982009426,-0.8353161556173918,-0.9493657652769282,-0.9493657652769282,0.5355346492350892,1.1617012761282328,-0.9590677078190205,1.104092175963708,0.5794604027012965,-0.4014084834486626,-0.6246041831753839,1.1040921759637081,0.7402508667163668,1.7274494145856725,-1.489975003214511,-1.0368870472357208,-0.21435578066351874,-0.0986780188825627,-0.0986780188825627,0.7463764653089026,-1.2561384470645547,-1.191192925881965,-1.2802096712261364,-0.667736317728157,-1.4141988909541339,-1.4846848973904065,-1.2802096712261388,1.238848538787568,1.888611299391976,0.0,0.17220277246529897,1.1677410649300335,1.3040677066152515,1.3040677066152515,0.20340318773580013,0.6766071497379502,-0.24953644534976432,0.6926220582564725,-2.0989887090096424,-1.108601590093443,-0.7234152000664628,0.6926220582564734,-0.17588738874705856,-1.388777810966996,-1.0866397867742894,0.09655383901458922,-0.9218952371451434,-1.036615473959858,-1.036615473959858,-0.08240509676412035,-0.030090603148135588,0.05994412893974273,0.0721364699379483,-0.4133050588197359,-1.1084638381405059,0.24948924864812683,0.0721364699379484,0.6179673979769776,-0.1387912625395412,-0.8886857375003621,-1.0710209421178825,-0.7297195390310894,-0.7987370578259604,-0.7987370578259604,0.6860606606403084,0.09653129646772475,-0.019323839362699363,0.12914079797717692,-0.04520648080282004,-1.0632103621795352,0.14969627750992143,0.1291407979771747,2.1131049308683707,0.2974570195831211,1.5947630641475339,-0.4781515218630489,1.1972005376768957,1.2076075145904923,1.2076075145904923,0.5144022748902674
5,-0.7676992282956525,0.1262138682944748,-0.7585375061701682,-0.9061243805313531,1.821798621592479,0.7300507130446271,-0.7585375061701696,-1.999691149548856,-0.8375595138837357,-1.6013592639657457,-1.9833178981839448,-0.9315718892850745,-1.1462815533671546,-1.1462815533671546,1.736463538892972,0.32476210526113697,-0.08312461962094254,0.43529730852009274,0.07098067937118181,-0.4254030620937172,-0.13472514798736243,0.4352973085200932,1.3506648624280384,0.5245036139689855,-1.3510790283385818,-1.0832386718084248,0.3981056545040869,0.5847788883141699,0.5847788883141699,0.7543809277197752,-0.9189818728572333,0.06685101695993967,-0.9094860375684777,-1.3925318621945117,-0.8272055322092365,-0.7344279517843916,-0.9094860375684781,0.34199702660749864,-0.27546784924447487,0.0,-0.6390694987183725,-0.7830068104365704,-1.130528883332851,-1.130528883332851,0.4837315551510883,-1.471867076599199,0.045263214687615294,-1.522429208412943,0.9833140599600807,1.513686165293035,1.3760023010469205,-1.5224292084129418,-1.1729950507072187,-0.7445225227065351,-0.39704146055214423,0.2637948916902752,0.13138039111111519,0.310057709029817,0.310057709029817,-0.0989157160272586,-0.09549122920652556,2.049605045262459,0.0008043091619521723,-1.3064748284308452,0.2702331032915507,-0.9216046814286416,0.000804309161952018,-2.289113359926845,0.4050259743325612,-0.34560000902791865,-1.1474607291500711,0.7316499531958518,0.8821684978068909,0.8821684978068909,0.705328752354489,0.626778676241894,1.1197818814476992,0.6326501562282962,0.6019911703911134,1.1798440732852657,0.9087791063520333,0.6326501562282959,-1.5150186237171874,-0.27358647230307587,0.06933752452815356,-0.4424404416309996,2.0384854055099093,1.86603937859448,1.86603937859448,0.516923312390225
5,-0.5233262163066104,1.6058896041648651,-0.4642606782914314,-0.71305929345734,-0.6683672480691889,-0.6748842645314022,-0.46426067829143197,-1.5309127124632878,-0.448247191792246,-0.1266191045926398,0.03965019373119624,-0.5340249453857135,-0.4566002962254567,-0.4566002962254567,0.07320883260801367,0.4600784883991265,2.686363339266419,0.5510270559191186,-1.582223740618332,-1.13860605271345,-0.6048609475003,0.5510270559191193,-0.7283353499105305,-1.5271268469491468,-1.3510790283385818,1.9686680103198404,-0.2018106579765552,-0.08313001273326527,-0.08313001273326527,-2.223832553235313,-1.6357557956116275,-0.32563507853160323,-1.7138997379093266,-1.3016958670655683,-1.6197101899331798,-0.9469580763075964,-1.7138997379093286,1.5553754142332386,0.0162397240123853,0.0,-0.6634105138798098,-0.7494540765508831,-0.9720622968506898,-0.9720622968506898,0.48626905515523966,0.34297904073426416,0.1120867191550919,0.3998239834185798,0.18303954897170133,-0.7494706495394625,-0.4164934373604406,0.39982398341858066,1.0738581669135507,-0.1482270219848598,0.06269075692928601,0.07885761528456543,1.5899748942297913,1.5240678846409643,1.5240678846409643,0.25078155666066787,-0.33170863089158636,-0.5094559402930648,-0.26632581970549934,0.30366115080006734,0.24770304005549038,1.2171203949135785,-0.26632581970549957,1.1820904416230358,0.12113216500176824,0.19748571944452512,-0.037392020928084496,-0.5947274757361964,-0.6036114888073295,-0.6036114888073295,0.2114932063227089,-0.12959929529739556,1.0105381431550586,-0.09110998591495087,-1.6001104780417714,-1.6341229854104227,-1.0276199544211115,-0.09110998591495219,1.4440790484511166,-1.5106925290846474,0.06933752452815356,1.2794787878363176,-1.0224424252769042,-1.098061680891512,-1.098061680891512,-1.0426443600822501
5,-0.5356893012575975,-0.7079572643593895,-0.4786540810975762,-0.37672765367364264,1.315352177747585,0.9087017399098584,-0.47865408109757657,0.4562081805085673,-0.46313013091063104,0.36496094853172817,0.3541855120628219,-0.4875404379002196,-0.3911901887177893,-0.3911901887177893,-0.27164138515191627,1.90798941717377,-0.843608801321637,1.626556549883427,-1.5860954136386118,-1.4804313182002315,-1.327956954100251,1.6265565498834271,-1.3358151399902025,0.3367342400098043,-0.7954951288348661,-0.7764736309816538,-0.9820086323063612,-1.2870452203241831,-1.2870452203241831,0.680086422322553,0.020443469504238747,-0.853411700499264,0.06256437291460128,-0.39396672129787447,0.08574431702630839,0.1250818540787808,0.06256437291459918,-0.18409777098432806,-0.14371630417808243,0.0,-0.5415303516012726,-0.3078357486378531,-0.06605949854685013,-0.06605949854685013,0.4708186932400173,-0.5426028916982325,-0.4232211363352943,-0.4529862083829618,0.8204776098603455,0.8382394439149395,0.05236436385418326,-0.45298620838296166,-0.990466912504749,1.049587830879642,-0.39704146055214423,0.006781770852873355,1.89872341472852,1.7391493658693764,1.7391493658693764,0.35203897836725906,0.6107109516896351,-1.6196381425241522,0.7218845151234528,0.24745829114766735,2.10590040912424,1.3886442533591659,0.7218845151234525,-0.12178763414210138,-0.4623931847408241,-0.6171428732641404,-0.28041352363993266,-0.5029936865150004,-0.47797581978038606,-0.47797581978038606,0.35897441024168664,0.26415752604361514,1.458938108393914,0.29022545961536084,0.6099065373481616,1.4384023126027425,2.521965089695015,0.29022545961536006,-0.4732525640645525,-1.455423208631429,0.06933752452815356,0.5806586275893699,-1.321712401430724,-1.5446082862462984,-1.5446082862462984,-0.30818534089779837
5,0.6653874582849051,0.9203991879067098,0.7443092538998356,1.2666239803492074,-1.3497701001171505,-0.7496458355565275,0.7443092538998346,0.8072817974853623,0.6506984667154075,-0.2904791223007628,-0.12222418852078994,-0.10555303141611828,0.08244853715399496,0.08244853715399496,0.2434747749474918,-0.22596077630367337,1.10820861264337,-0.07652258607252971,1.0350272614209175,-0.19436481858513527,0.45016820888700054,-0.07652258607252921,1.8968910368784857,0.03352512818478737,0.03788072042070776,-0.23724423074655027,-0.1464988489493554,-0.015509873227708268,-0.015509873227708268,0.4276030639274796,-0.4754918259446237,-0.6604757688515113,-0.4402341801710449,0.5755813655992411,-0.49754164651802746,-0.6968724277722598,-0.4402341801710486,1.044739593374708,1.0038694045706835,0.0,-0.17340744640591896,-0.463318879491826,-0.3012167859528096,-0.3012167859528096,0.3692102036447426,0.8861776769129782,-0.3755005508281918,0.8700865092425817,0.720805476703212,-0.46838592348051394,-0.10563678026075132,0.8700865092425828,0.8463985812100903,1.1516722111565603,-0.8567736780335743,-0.04047137026380629,1.1059489612210145,1.1631705660223166,1.1631705660223166,0.2918781597238797,0.5536321800760384,-0.48063593110855835,0.6671845459766013,1.201387909031642,-0.1908245179899701,-0.5584472707886742,0.6671845459766004,0.14300064184010586,1.0986742158596814,0.061714287326414076,0.09936334766718445,2.6568298324621713,2.4176452760123714,2.4176452760123714,0.11885872176772723,-1.8169930098591474,1.1317074939839709,-1.859619212702874,-2.0172968776603075,-1.4110224414586625,-1.0610930236872658,-1.8596192127028752,-0.5883761550003634,-1.557550164561553,-0.6933752452815364,2.4801195282806,-0.538443342145917,-0.48017528100109835,-0.48017528100109835,-2.75180688668246
5,1.5623649493092069,1.076734361736269,1.5019297428316618,1.419084108633844,0.852712346143555,-1.8467961635875665,1.5019297428316614,0.6155433927881309,1.5288671966020695,0.5288209662398512,1.3194308097516032,1.6518798882385315,1.5974310346630287,1.5974310346630287,-1.466640358636037,0.041927709206031644,-0.07183837920125433,0.18148424890548234,-0.5755887150155884,-0.496115615343811,-0.5024429124358015,0.18148424890548287,-1.3500844600182953,-0.1320420372958554,0.8712565696762816,0.19392378941468155,0.3138009231073995,0.4983936113066685,0.4983936113066685,0.11388405546557737,1.286259096418494,2.6571532217073686,1.258493942641265,-0.15173740095402896,1.3171179674181075,1.4408054964583838,1.258493942641262,-2.131244317233085,-1.9289693683802411,0.0,2.5568753337372607,2.3516437983372174,2.034422305912394,2.034422305912394,-2.869698444943875,-0.33127518986514953,-0.4689545913365308,-0.23782863545994676,0.18564725012988248,0.3394280030060107,-0.5242490069100895,-0.23782863545994642,-0.6384144481613391,1.1574269820625664,1.6717535181142913,-1.738590423029886,-0.8623531051020246,-0.933682809576228,-0.933682809576228,1.1358722980902367,-0.7407057952762237,1.3114047298922133,-0.7712685902219206,-0.12165778710998569,-0.6665135158972467,0.16668462732956765,-0.77126859022192,1.031180909693624,-0.7125760299855796,1.9625143369799667,0.7793136311280254,-0.04424908522927371,0.08653565484326674,0.08653565484326674,-0.44583956488785503,0.7601259497838113,0.2674963926777256,0.7565792799840044,1.1041513623426662,0.7202767051970131,-0.36643685504559825,0.7565792799840033,-0.9982964214671889,0.6780395685020169,-0.6933752452815364,-0.48742792331037665,-0.5943329860089854,-0.5465582818325124,-0.5465582818325124,0.4744169826746253
5,-0.8430762534229148,-1.578282510580709,-0.8538651710900652,-1.1306008508197887,-0.5762233397187136,1.1019167091825814,-0.8538651710900661,0.047730614858803574,-0.8229218827158914,0.44689095738578966,-0.14769845649829066,-0.6695548598775956,-0.6611200523809214,-0.6611200523809214,0.26715625776055096,-1.5454267136627746,-0.42054783218026776,-1.878443841089623,-0.5291286387722279,0.8209693714649045,1.6039135436497207,-1.8784438410896225,0.49511109422416955,-1.3915749411009535,0.45456864504849465,0.22662824216024366,-0.7450537424248642,-0.8524554694594451,-0.8524554694594451,0.08602008926678188,0.17077908902170105,-0.6356789888074681,0.210827548308149,-0.057116572694713555,0.2598481920985678,0.6867076449874916,0.21082754830814704,0.234625357859552,-0.6089885807159686,0.0,-0.5677949698004312,-0.6338008359904882,-0.63260327181333,-0.63260327181333,0.4746016382894808,1.7674514518711224,3.0833924147680807,1.5704429271505735,-0.16233598220069073,-1.336819674025518,-0.5351456375387043,1.5704429271505755,2.3107105218459685,-1.033367330747193,-0.8567736780335743,2.594027530936251,-0.3566102033591538,-0.22305570163559296,-0.22305570163559296,-2.931761214783404,-0.5854563602253113,-0.9950196334728413,-0.5723682532279686,-0.33887424468547606,0.5624468950794554,-0.13969247154910194,-0.5723682532279685,0.05094546202169342,-0.2961538930903696,-1.0244571696184732,-0.32130326987797064,-0.8938234002651151,-1.0560548475511333,-1.0560548475511333,0.3816121322475395,-1.2289629183313524,-0.8707202139239313,-1.2156288163232614,0.3410168657190277,0.2557780352061175,-0.13320514661046756,-1.2156288163232614,-0.21653244907262872,0.508471933610111,0.8320502943378437,-0.8248488333644687,1.204104880551979,1.213321422616419,1.213321422616419,0.6679321751245876
5,1.514568850659628,-1.3920919994509666,1.4639140740180245,0.7042836076812492,0.36156821205403117,-0.27874503104762965,1.4639140740180239,0.2706159838425306,1.5047817370760521,1.9216311167588955,1.3112049519134197,1.8478716673663833,1.7322866227204787,1.7322866227204787,-1.4546672861877392,0.7245481898811066,-0.11284744299192487,0.768040221326149,0.8956470326908351,-0.25863799120477227,-1.6463166293609806,0.7680402213261491,-0.716184239801382,1.385307439274453,0.5934646199244238,0.2738120543300148,2.821309057833209,2.527808792171612,2.527808792171612,0.044874308681760795,1.249032339503012,0.8368885959856576,1.2248885267228242,1.1691693615460064,1.2313320982905087,1.36484091379748,1.2248885267228244,-0.46055522120292225,-0.8253271623814435,0.0,1.4374398462470745,1.1126338717479491,1.2653087766688682,1.2653087766688682,-1.011011233168797,0.10335142636774561,-0.6013317113604152,0.18084992642832878,-0.1898617166481545,-0.33359002804237264,-0.7340091465109501,0.1808499264283295,-0.07596928266543464,0.7054277574307952,2.1314857355957217,-0.630665873128453,-0.5141294476044876,-0.4210346284809742,-0.4210346284809742,0.5437584811775221,2.669061869291102,-0.7799688707867819,2.41998627368133,1.2636667535113266,-1.3354068958121434,-2.1790520023090503,2.41998627368133,-0.3091865042962965,2.4254347048833322,0.87634288003508,-0.4436888667639723,0.1824133157328866,0.3356480459802952,0.3356480459802952,0.4456766561243373,1.1532487436979069,-0.7414373324450202,1.1160441111568669,1.3844484745863703,0.709358366868371,0.1255812706192522,1.1160441111568657,-0.2319184918937804,0.812954969074407,-1.4560880150912263,-0.30757570190509326,-0.16580616775257762,-0.06303563343971796,-0.06303563343971796,0.3876645566316813
5,1.3069595083029257,0.7410326285652599,1.2959842375575403,1.6895284567970457,-0.36535151038392394,-0.7875120858160055,1.2959842375575392,0.2208595625501183,1.3178530064000924,1.1023310282182817,1.0571038944805151,1.2490702377730154,1.3049846074003868,1.3049846074003868,-1.11953593128673,-1.0170830813761267,-0.5110447406251811,-0.9922629111315809,-0.6426977140337763,0.0733147804532696,0.7981427376603546,-0.9922629111315806,0.11700334363586723,-1.1733050772796656,1.2879444943040685,1.7621809597849802,0.23551991758461135,0.41628625386498785,0.41628625386498785,-1.8652889100189805,1.540473334884035,0.3161438077041135,1.4857085598254596,1.9683999575763491,1.447587909827263,1.3247247858754276,1.4857085598254576,-0.3943945616974303,-0.34004363824601486,0.0,-0.511357912390218,-0.6367048398382993,-0.6394064806718697,-0.6394064806718697,0.4651007310633028,-0.36916674706991026,-0.5101899164881951,-0.27580283464143845,0.7077669709123081,0.9516471030394466,0.1979554564198605,-0.2758028346414369,-0.9118054576924396,1.1581619999256778,0.5224229744107163,-0.7344126513054027,-0.42078189934645105,-0.3017779597240881,-0.3017779597240881,0.6273942655829368,-1.3674184505639866,0.17323858056687091,-1.7044190846501333,-0.1550757036600617,0.1547492900097731,0.5274761916461483,-1.7044190846501328,0.2668976880463033,-1.4125594383780133,1.5552000406256343,2.7278332194550603,0.6145044909239179,0.7713446650921344,0.7713446650921344,-3.0209198307857985,-1.4634655336286158,-0.7732250362009093,-1.4684960474834774,-0.5978853383331791,-0.7204767065172734,-1.1910261205160955,-1.4684960474834787,0.6808234259067335,0.23256675780086497,-1.4560880150912263,-0.11417468005352406,-0.6884440906159062,-0.6609492260320584,-0.6609492260320584,0.2557039313684307
6,1.335187298021632,1.4139331284147245,1.3271429383734965,1.3998837908169022,1.3859769002361921,-1.1545506696236845,1.327142938373497,0.9216340118385364,1.3119200295089817,-0.2020305089104423,-0.4656696946305674,-0.9684784743517465,-0.9881641438874206,-0.9881641438874206,0.4801658555450426,1.4139152475196577,-0.3242429947813351,1.413843869132233,0.8314409052371663,-1.3810816007631015,-1.4091076717752127,1.4138438691322326,0.298314731766365,1.3938572305236545,1.3846219390542782,-1.2709189806983987,0.27183042784129463,0.2961889306493181,0.2961889306493181,1.2421146018687985,-1.3275193272477324,-1.2729860643771662,-1.3312718059576296,0.0,-1.2994175335802065,-0.559741561114048,-1.3312718059576276,1.3808582333508013,-0.10434196205748984,0.0,-0.8698202740104678,-0.8115401969145568,-0.8532730662960368,-0.8532730662960368,0.8225220862612996,-1.0410906685420862,1.3961054005475348,-1.0766984573376708,0.7071067811865475,1.4107093132354973,1.355070592527508,-1.0766984573376701,-0.43341301011881483,-1.0256343343453935,1.224744871391589,1.3429476894947319,0.6483302516791811,0.6566575225122412,0.6566575225122412,-1.318461665593388,1.127081644033414,1.4069744937259667,1.085902973065336,1.3998847861952999,1.408883226642946,1.0352969877946512,1.085902973065336,1.414152146904426,0.7963987356988694,-1.3235012765914034,-0.8206514827044715,-0.010463881374299187,0.033781432500501016,0.033781432500501016,0.8110555553570278,1.0945274157914215,-1.1395351983360835,1.0803538460948037,-1.219094511166494,-0.3751363632211216,-0.7071067811865475,1.0803538460948041,-1.4049913319873772,1.0985517872454043,-0.5323152239464997,-0.3881546750469552,-0.25814683423116686,-0.12915662130393143,-0.12915662130393143,0.4852679341657543
6,-0.2639153620033606,-0.6825774010705797,-0.24046543537959755,-0.5260337899157049,-0.9365064658967156,-0.13001496163907217,-0.24046543537959464,-1.3897642924575322,-0.19863149265044416,-1.1111677990074316,-0.9236096181161547,-0.4082500252457998,-0.3820735755022376,-0.3820735755022376,0.9119069000369613,-0.6818030094004502,1.354241399183865,-0.6789195188149892,0.5750012620035403,0.9540938482205382,0.6005746215792664,-0.6789195188149901,1.048029436837417,-0.4898742366853381,-0.9415429185569091,0.09826892046230287,1.0659920886092578,1.0494881364279758,1.0494881364279758,-0.03551183995956113,0.24154013916083325,0.10298590015925602,0.25237262854380765,0.0,0.16635014726600214,-0.8448589819064763,0.2523726285438146,-0.9548585109198333,1.2735777790348375,0.0,1.4006013496556675,1.4087914748964407,1.4033370019460623,1.4033370019460623,-1.4075506913802287,1.3494588791633586,-0.893417187633946,1.3324149211496337,0.7071067811865475,-0.7915197607085193,-0.3270531042049247,1.3324149211496343,1.3825173267602575,1.35605833028021,0.0,-1.0553600615624157,0.7642975118141812,0.7563834925679342,0.7563834925679342,1.102225333067896,0.17623294459184502,-0.8272494402154745,0.2416573649442296,-0.5260402969797354,-0.5982058365646686,-1.3519866209762044,0.24165736494422893,-0.7184900584794441,0.6138835291174737,0.23017413505937398,-0.5871201759541673,1.229943286429459,1.2075046901090114,1.2075046901090114,0.5977875588898934,-1.3228327261401964,1.2950914225840782,-1.3305101916253637,1.2303180906204574,1.3684384250081676,1.4142135623730951,-1.330510191625362,0.8421363397970325,-1.3205657081897988,1.4008295367013144,1.3717878117824926,1.33324124552752,1.2842048622570112,1.2842048622570112,-1.3930192390908582
6,-1.0712719360182688,-0.7313557273441448,-1.0866775029939022,-0.873850000901196,-0.44947043433947975,1.2845656312627598,-1.0866775029939022,0.4681302806189959,-1.1132885368585315,1.313198307917874,1.389279312746722,1.3767284995975484,1.3702377193896602,1.3702377193896602,-1.392072755582005,-0.7321122381192073,-1.02999840440253,-0.7349243503172422,-1.4064421672407073,0.4269877525425688,0.8085330501959462,-0.7349243503172426,-1.3463441686037818,-0.9039829938383164,-0.44307902049736925,1.1726500602360947,-1.3378225164505533,-1.345677067077294,-1.345677067077294,-1.2066027619092385,1.0859791880869047,1.1700001642179036,1.0788991774138121,0.0,1.1330673863142087,1.4046005430205275,1.078899177413813,-0.425999722430968,-1.1692358169773467,0.0,-0.5307810756452013,-0.5972512779818837,-0.5500639356500266,-0.5500639356500266,0.5850286051189292,-0.3083682106212706,-0.5026882129135889,-0.25571646381196295,-1.414213562373095,-0.619189552526978,-1.0280174883225823,-0.2557164638119633,-0.9491043166414427,-0.33042399593481364,-1.224744871391589,-0.2875876279323142,-1.412627763493363,-1.4130410150801778,-1.4130410150801778,0.21623633252549151,-1.3033145886252577,-0.5797250535104922,-1.3275603380095669,-0.8738444892155648,-0.8106773900782769,0.31668963318155313,-1.327560338009567,-0.6956620884249816,-1.4102822648163444,1.0933271415320278,1.4077716586586402,-1.2194794050551598,-1.2412861226095113,-1.2412861226095113,-1.408843114246922,0.22830531034877197,-0.15555622424799453,0.25015634553055754,-0.011223579453966546,-0.9933020617870459,-0.7071067811865475,0.25015634553056243,0.5628549921903446,0.2220139209443932,-0.868514312754815,-0.9836331367355379,-1.0750944112963536,-1.1550482409530798,-1.1550482409530798,0.9077513049251035
2,0.9083677849235774,-0.673208629712161,0.8766589860716306,-1.0284852156554105,0.704547746736913,-1.8601357417834108,0.8766589860716298,-1.544349331115495,0.9668026525557468,-0.48746667822143236,0.18866162960883248,-0.29651666601556587,-0.17979617848041624,-0.17979617848041624,-0.1156313060672569,1.01463055517713,-1.1921581616906807,0.9804134004597577,-1.1415666380958314,-1.1194416791260966,-0.3455968387347475,0.9804134004597579,0.911971200354922,0.11418365862549823,0.0,-0.4237351212750644,0.2376843332504333,0.3233424456522518,0.3233424456522518,0.4681608641492834,-0.924981634888437,-0.8062862431400507,-0.9262021664405932,0.0,-0.9314375112405985,-0.23941434351402585,-0.9262021664406033,0.841468202717641,0.9703168398572666,0.0,-0.6281346190648819,-0.014901826479203212,0.20545101962918827,0.20545101962918827,0.5347463062264817,0.35731787548303107,-0.6044026823020053,0.3707245213391105,0.7966872390759544,0.7962946762892762,-1.2691664810216345,0.37072452133910844,-0.9121799551066666,1.027731285431639,-0.6859943405700353,1.0513983105794278,1.1761136616205798,1.1234129353397122,1.1234129353397122,-1.004541889691018,1.7553445261690304,-1.3957682608346549,1.619898484902326,1.0612714307968691,1.748234633888878,1.0013439169970721,1.6198984849023261,-0.7849119293283271,1.2612621706550857,-0.2843555622958353,-1.2142682834157872,-1.2455046957031781,-1.4504531886404652,-1.4504531886404652,1.1607152520906674,-0.6811864403782686,1.419525583623191,-0.6498908155271247,0.7583012550858164,1.0105930548724824,1.792166338643472,-0.6498908155271281,-0.796679664975414,-1.2066755734498802,1.8864844365675975,0.008120301259388264,-0.8473166004821512,-0.9396215825198896,-0.9396215825198896,-0.3904732162990574
2,0.6858992179392854,1.7498304853912452,0.6775575132936604,1.5267177796528648,0.40286759914396425,0.8565705753433743,0.6775575132936591,1.5034408709167129,1.37675407538122,-0.6905777941470294,1.5472692954554894,0.32747198322465726,0.4723263898395323,0.4723263898395323,-1.6306805456039588,0.8607785431742724,-0.7341000842521591,0.849614070893392,0.33903667931614667,-0.6896025936536061,-1.2052758054380872,0.849614070893392,-0.4924143793622896,1.5083787535491102,0.0,-0.7378281886625492,-0.854139244655449,-0.8920441385609358,-0.8920441385609358,0.6133919956967987,-0.9373938412910733,-0.9402598809816294,-0.938748258639132,0.0,-0.9251606932465001,-0.013617636456557777,-0.9387482586391328,1.190389042699906,0.5910229219804491,0.0,-0.6784752171597295,-0.5870224978512715,-0.588567647774132,-0.588567647774132,0.5404744171688273,0.4665625472917783,0.08435266537767452,0.47189371611905484,-1.9620199528224964,-1.4512797259594012,0.16443202094890355,0.47189371611905434,1.0906117911158695,-1.6346206460220152,1.8864844365675975,-1.540015531155158,-1.143241600341342,-1.2513039716738639,-1.2513039716738639,1.3710664759150875,-0.531359978275385,1.168972278095426,-0.41099101036354146,0.03423456228377089,-0.42829736364303606,0.040644956040472725,-0.4109910103635414,1.0438601503764195,-0.31974641582985736,-0.2843555622958353,0.4986280833202676,0.35124254007483835,0.4770347841199894,0.4770347841199894,-0.3475708514929519,1.11491718418573,-1.4779063611383867,1.0890737764513299,1.0928200349007815,-0.2273060072241184,-0.7769852246253206,1.0890737764513265,0.2830638258718517,1.3598628849427885,-0.6859943405700353,1.7228474740936586,1.8077843818150532,1.6739733852710892,1.6739733852710892,-1.7584899582076718
2,-1.8466499327227741,-0.8795671347129241,-1.8682535070663144,-0.8726541223742873,-1.9395014430102138,-0.18239642979009846,-1.8682535070663149,-0.41169475119924,-0.30579964242281976,1.9498667128857299,0.3541566490994763,-0.843195808969117,-0.8881149624806394,-0.8881149624806394,-0.28595860310304183,-1.5059795938455063,0.38574844830912036,-1.554081397922182,1.4262430917849749,1.5558808823125652,1.6727802250967385,-1.5540813979221821,1.4506955666370154,-1.328879681200471,0.0,1.9776915747292967,-0.9153030747644414,-0.9682587785884473,-0.9682587785884473,-1.9946531873352114,0.9049818670612597,-0.47162002964902716,0.9076399742188882,0.0,0.9130688749552377,0.8744384845993615,0.9076399742188841,0.24914733736575914,-0.9182062995356994,0.0,-0.46692877681039313,-0.6080769824892064,-0.6257350107536013,-0.6257350107536013,0.5049208272636236,0.23819584513595232,-1.4858490036376872,0.2596086843803124,0.3729391823622588,0.3177632867243809,-0.9271755130816671,0.2596086843803105,-0.2986872556335834,0.9807167935853989,-0.6859943405700353,1.1348651364383704,1.1373548744185042,1.0963688602953987,1.0963688602953987,-1.277042979871903,-0.9090318346942793,0.7741839634310806,-1.0688162619298216,-0.9742971374272907,-1.1065294392390217,-1.3449785453392409,-1.0688162619298218,-0.13748933587688641,-1.053111235082149,1.9498667128857299,1.219028127193529,-0.2619753253825174,-0.1257358655925812,-0.1257358655925812,-1.388444074631275,-1.5922469354712974,0.4565573890938586,-1.618330162265807,-1.7928445972925222,-1.8148140234733199,-0.3456282039708983,-1.6183301622658108,1.8162918970227309,-1.000637102413147,0.17149858514250899,-1.3335057016916547,-0.8794030388021847,-1.0019195229633135,-1.0019195229633135,1.0643180449547345
2,0.48843840037313346,0.48961793928640884,0.49812263058506356,0.8116024885682601,0.7577012741141564,0.7796100564445986,0.4981226305850641,0.42968952261077614,-1.025965708794993,-0.6905777941470294,-1.4060871022919212,-0.9657386183052862,-1.076702500966388,-1.076702500966388,1.3166983953594595,0.4836307869829006,-0.15291055226426536,0.5191812015155957,-1.1344139650648555,-0.5131398921696652,-0.6187389853461763,0.5191812015155949,-1.1253852079809925,0.5249880948675858,0.0,-0.5340829285370535,1.8154101564373277,1.7637334974645884,1.7637334974645884,0.5238488380153101,1.4757946734588474,0.48328045021045696,1.4733585182064788,0.0,1.4711853184623873,1.1008171419327495,1.4733585182064772,-0.8154331896767434,-1.4746634318465242,0.0,-0.19821368677215287,-0.7279234488364563,-0.8577310885811503,-0.8577310885811503,0.41793690066004485,-1.9512323223069685,1.4546237975239784,-1.9591317291506554,0.5733122079735601,1.1937618899688307,1.4840335336061277,-1.959131729150658,-1.140299066573649,-0.5333995347450625,0.17149858514250899,-0.437528271726599,-0.9922152041007603,-0.9848297736665105,-0.9848297736665105,0.2739974172726885,0.459161983787994,0.4104686968689592,0.6561893117216152,1.146857836506294,0.3997830942499024,1.1860937171810344,0.6561893117216152,1.217548657395152,1.1026286523046454,-0.48746667822143236,-1.1638872799441247,1.7157199675763795,1.5616897275214434,1.5616897275214434,1.1357868545164012,0.7873620592261384,-0.705557924130648,0.7862632826884174,-0.11496882274693422,0.29053053539373236,-0.9831684546236591,0.7862632826884141,-0.3888712017517365,0.8325933399525524,-0.6859943405700353,0.09665441920327635,0.3039489464556713,0.5047861607202715,0.5047861607202715,0.41147283246991273
2,-0.23605547051322529,-0.6866726602525692,-0.18408562288404023,-0.43718093019142534,0.07438482301518212,0.4063515397855363,-0.1840856228840399,0.02291368878724665,-1.0117913767191518,-0.08124444637023882,-0.6840004718718776,1.7779791100653113,1.672287252087909,1.672287252087909,0.7155720594147981,-0.8530602914887966,1.6934203498979847,-0.7951272749465654,0.5107008320595641,0.7663032826368054,0.4968314044222724,-0.7951272749465662,-0.7448671796486549,-0.8186708258417207,0.0,-0.28204533625463024,-0.28365217026787276,-0.2267730259674593,-0.2267730259674593,0.3892514894738194,-0.5184010643406238,1.7348857035602503,-0.5160480673455656,0.0,-0.5276559889305482,-1.7222236465615233,-0.516048067345558,-1.465571393106562,0.831529969544507,0.0,1.9717522998071575,1.9379247556561368,1.8665827274796953,1.8665827274796953,-1.9980784513189775,0.8891560543962029,0.5512752230380351,0.8569048073121796,0.2190813234107238,-0.8565401270230866,0.5478764395482602,0.8569048073121759,1.2605544861980293,0.1595721017500426,-0.6859943405700353,-0.20871964413604102,-0.17801173159698067,0.016351949705262575,0.016351949705262575,0.6365209763751458,-0.7741146969873595,-0.9578566775608107,-0.7962805243305775,-1.2680666921596413,-0.6131909252567224,-0.8831040448793364,-0.7962805243305776,-1.3390075425663583,-0.9910331720477243,-0.8936889100726262,0.6604993528461165,-0.5594824865655228,-0.4625354574083867,-0.4625354574083867,-0.5604871804828421,0.37115413243770135,0.30738131255198575,0.392883918653191,0.056692130052851966,0.7409964404312238,0.313615544576426,0.39288391865318706,-0.9138048561674325,0.014856450967687429,-0.6859943405700353,-0.4941164928646702,-0.3850136889863887,-0.23721844050815688,-0.23721844050815688,0.6731722970820833
0,-1.7049048400024733,-1.10271469602287,-1.9187595553498424,-0.9469141504926196,-1.7784390523433284,0.2277641051897737,-1.9187595553498424,-1.3941944760416476,-0.35061951006687614,-0.050366490434624774,-0.6814389492485101,-0.7034066685519369,-0.5793069975327986,-0.5793069975327986,0.6879755281728669,-0.720022629862488,2.0500346652601906,-0.4943683451109903,-0.49271534096064135,0.38506856642074067,0.7298264218157879,-0.49436834511099004,2.366958796003418,-1.0478402181031459,-0.5388159060803246,2.3536504130480904,-0.7350963650312119,-0.6601388512357464,-0.6601388512357464,-2.551276946301108,1.731947600460573,-1.598651290462323,1.7258488408770294,1.69129673882832,1.7273881151799604,1.7303968975938504,1.7258488408770296,-0.9221166960356484,1.6821383140636388,-0.8164965809277261,0.16590849792045712,1.723001972734848,1.6479684052824488,1.6479684052824488,0.07857036836162454,1.6645348393240493,1.0455854833645395,1.4998105556170283,-0.050796256495984224,-1.8877665088405093,-0.815661675767688,1.499810555617029,1.8935447526683848,-0.14327031131034135,0.0,-0.041307068638641524,2.512970083451733,2.2928388180854924,2.2928388180854924,0.43142644940334035,-0.08612043913019908,2.1711702050147808,0.0744205182277099,-0.06940542555756885,1.1772953991239248,0.1632677684249173,0.07442051822771036,-1.748622850863122,-0.36769476507584314,-0.8320330941539776,-0.12768858836064806,-0.5158729387529206,-0.535960210525436,-0.535960210525436,0.3279965964064984,-1.0134409785111917,-0.7178432446209589,-1.049819440729512,-1.1947134704649238,-0.8110470338688486,-0.7847952862034957,-1.0498194407295127,0.23301557075388482,0.68068141481654,0.0,-0.3961870968491773,2.6199337389634514,2.4842524039101352,2.4842524039101352,0.6064003152194509
0,-0.2910239871165674,-0.6097810408450608,-0.19196215163556107,-1.0383909332650345,0.8118459236011607,1.1712809682738794,-0.1919621516355614,0.36525985329253036,-1.1664266884202252,-1.0979894914748238,-0.169973289394972,-0.8284311517015206,-1.0439746134207104,-1.0439746134207104,0.29484877991418934,-1.0837290842366358,-1.3234580114864045,-1.1751401274296873,0.06285309480530069,1.1479730518352786,1.194863355930146,-1.175140127429687,0.41539089102272236,-1.0709791887294946,-0.5388159060803246,-0.6907941640251848,-0.78974620412591,-0.9072086031313715,-0.9072086031313715,0.574697141101431,-0.5600174797225492,1.0777417849413538,-0.45068060072647737,-0.261238192717046,-0.47485551771096646,-0.5084027354603864,-0.45068060072647737,1.05249044251942,-0.23180491904673037,0.0,0.9908916654269214,-0.4131485154328429,-0.11268021902723706,-0.11268021902723706,-1.2108350518502289,-1.22108826609142,1.8751299905799947,-1.3102635810281271,-1.1919262219619386,-0.458833927341554,1.1992316453880818,-1.3102635810281273,-1.9919051414702,-1.1699090542787025,-1.1547005383792515,1.203608205603198,-0.4929650460720567,-0.4738012070508693,-0.4738012070508693,-1.1347878584827167,-0.9839037012642133,1.098710547160709,-1.0801288859544027,-0.8740530305240528,0.6780557477484628,1.1944324687944885,-1.0801288859544025,-1.6646597106920142,-1.0927244104178988,-0.9411521884692533,0.10990452545403516,-0.5446733838828804,-0.7106527227206646,-0.7106527227206646,0.11664234703961941,1.341769820481901,1.6539461445040822,1.324407778551424,-0.885033012559547,1.3037707454879266,1.298252304091934,1.3244077785514234,-1.8392964145366635,-1.2846201903101315,-1.1547005383792515,0.5621833980426784,-0.44012737629739007,-0.55034484271819,-0.55034484271819,-0.12523822973822044
0,-0.29067257331777097,-0.4074343322004275,-0.19160637429225238,-1.0711844969602773,0.8197055188328615,1.2513500598273193,-0.19160637429225305,1.350917477215021,-1.2367350754400286,-1.0979894914748238,1.9798642041991645,-0.8332421469972693,-1.0957940896527942,-1.0957940896527942,-2.201087685227324,-1.1463309699593955,0.6129856356140579,-1.4057767541642883,-0.03911832751745163,1.3664752940667886,1.372300614901551,-1.405776754164288,-0.9495066548652703,-1.3655202462282043,-0.5388159060803246,0.5482454633658119,-0.7825139624742,-0.8583914090500109,-0.8583914090500109,-0.21659886744666054,-0.5896951888887996,-0.010758576579653298,-0.6890902082004083,-0.871132164191059,-0.6820497325354985,-0.5934134348316592,-0.6890902082004082,-1.0735186664556742,-0.9053661613176488,-0.8164965809277261,-1.6557845925946926,-0.6917673743053,-0.9832228444035451,-0.9832228444035451,1.5373927387770951,-1.1413455854769459,-0.6763063216990969,-1.1929608793564783,-1.2472862046283584,-0.5357748177637731,1.4061373574013472,-1.1929608793564788,0.23794281930439193,-1.2323526101327689,-1.1547005383792515,0.780529843904885,-0.6249776496637821,-0.984640089750384,-0.984640089750384,-0.4895964786154626,-1.0591720803583804,-0.2945405831617563,-1.2107163719014318,-0.9414104136744041,0.6056551085101561,1.277238119082347,-1.2107163719014316,0.3679597012585481,-1.1642764665139664,-0.9411521884692533,1.813172742233497,-0.5518246282663813,-0.795168472113026,-0.795168472113026,-2.1174759216936327,1.2713648544171936,0.27739646610378843,1.263595256861005,-0.9412599112899799,1.2860303250930127,1.3053919150062399,1.2635952568610047,0.2512252433507525,-1.2961321636789065,-1.1547005383792515,1.9244146756191658,-0.44224341804880046,-0.5979121961416627,-0.5979121961416627,-2.2784011448654655
0,-0.33895495710667684,2.388640148722033,-0.24072549080877845,-0.7933021944863761,0.737316854779219,1.07389964062094,-0.24072549080877942,1.4748839346684661,-1.0629541266605151,-1.0979894914748238,-1.4007994814046432,-0.8123962934110575,-0.9353302061744557,-0.9353302061744557,1.110213487170667,-0.8756249278801364,-0.5716879339304033,-0.7291049508075855,0.5973239957377758,0.870687179247789,0.5095014840069536,-0.7291049508075852,-0.7480638805626975,-0.10677577520839578,0.8980265101338745,-0.7827363061302501,-0.7353906860586984,-0.6610825734952118,-0.6610825734952118,0.60710832709078,-0.5822349318492241,0.5316680821006224,-0.5860780319501439,-0.5589263819202149,-0.5704828649334954,-0.6285807273018049,-0.5860780319501439,0.9431449199719028,-0.5449672336992596,1.632993161855452,0.4989844292473136,-0.6180860829967053,-0.5520653418516666,-0.5520653418516666,-0.4051280552884911,-1.0034008551427387,0.773752565056574,-1.0012724012488838,-1.2395477124367658,-0.6513312358640029,1.208258945187398,-1.0012724012488836,-0.3952982784632838,-1.2005315918878334,-1.1547005383792515,1.6471135465140347,-0.38884044488222996,-0.24055714717438487,-0.24055714717438487,-1.9526132742879363,-0.7606402263050142,-0.7684175777794732,-0.7369445393874426,-0.584598385938263,0.8490482870928093,1.0866288860564624,-0.7369445393874425,0.519183404808056,-0.883246659144184,-0.9411521884692533,-0.9946237157615326,-0.543531159279122,-0.7006230926046669,-0.7006230926046669,0.8909321443185997,1.1779809936391965,1.6245507599362765,1.1822185784441883,-0.9300145315727979,1.2620250818075507,1.2661240550051691,1.1822185784441877,-1.526459232271856,-1.2756334941767227,-1.1547005383792515,1.1151149525599924,-0.4190518488864001,-0.36884938964051983,-0.36884938964051983,-0.8336795495145455
