Label,Autocorrelation Z Accel Right,Excess Kurtosis Z Accel Right,L2 Norm Z Accel Right,Max Z Accel Right,Mean Z Accel Right,Min Z Accel Right,Root Mean Squared Z Accel Right,Skew Z Accel Right,Std Dev Z Accel Right,Zero Crossing Rate Z Accel Right,Frequency Center Z Accel Right,Mean Square Frequency Z Accel Right,Root Mean Square Frequency Z Accel Right,Root Variance Frequency Z Accel Right,Variance Frequency Z Accel Right,Autocorrelation Y Gyro Right,Excess Kurtosis Y Gyro Right,L2 Norm Y Gyro Right,Max Y Gyro Right,Mean Y Gyro Right,Min Y Gyro Right,Root Mean Squared Y Gyro Right,Skew Y Gyro Right,Std Dev Y Gyro Right,Zero Crossing Rate Y Gyro Right,Frequency Center Y Gyro Right,Mean Square Frequency Y Gyro Right,Root Mean Square Frequency Y Gyro Right,Root Variance Frequency Y Gyro Right,Variance Frequency Y Gyro Right,Autocorrelation Z Gyro Right,Excess Kurtosis Z Gyro Right,L2 Norm Z Gyro Right,Max Z Gyro Right,Mean Z Gyro Right,Min Z Gyro Right,Root Mean Squared Z Gyro Right,Skew Z Gyro Right,Std Dev Z Gyro Right,Zero Crossing Rate Z Gyro Right,Frequency Center Z Gyro Right,Mean Square Frequency Z Gyro Right,Root Mean Square Frequency Z Gyro Right,Root Variance Frequency Z Gyro Right,Variance Frequency Z Gyro Right,Autocorrelation X Accel Right,Excess Kurtosis X Accel Right,L2 Norm X Accel Right,Max X Accel Right,Mean X Accel Right,Min X Accel Right,Root Mean Squared X Accel Right,Skew X Accel Right,Std Dev X Accel Right,Zero Crossing Rate X Accel Right,Frequency Center X Accel Right,Mean Square Frequency X Accel Right,Root Mean Square Frequency X Accel Right,Root Variance Frequency X Accel Right,Variance Frequency X Accel Right,Autocorrelation X Gyro Right,Excess Kurtosis X Gyro Right,L2 Norm X Gyro Right,Max X Gyro Right,Mean X Gyro Right,Min X Gyro Right,Root Mean Squared X Gyro Right,Skew X Gyro Right,Std Dev X Gyro Right,Zero Crossing Rate X Gyro Right,Frequency Center X Gyro Right,Mean Square Frequency X Gyro Right,Root Mean Square Frequency X Gyro Right,Root Variance Frequency X Gyro Right,Variance Frequency X Gyro Right,Autocorrelation Y Accel Right,Excess Kurtosis Y Accel Right,L2 Norm Y Accel Right,Max Y Accel Right,Mean Y Accel Right,Min Y Accel Right,Root Mean Squared Y Accel Right,Skew Y Accel Right,Std Dev Y Accel Right,Zero Crossing Rate Y Accel Right,Frequency Center Y Accel Right,Mean Square Frequency Y Accel Right,Root Mean Square Frequency Y Accel Right,Root Variance Frequency Y Accel Right,Variance Frequency Y Accel Right
5,-0.9858559693820579,0.3866359392857787,-1.0264051486363435,-0.6218817370409904,1.321586698399567,1.0159043295384953,-1.0264051486363435,-0.9740970912812421,-1.9315777253972486,-1.6962425193549426,-1.144043380229991,-1.188024004697964,-1.4757837246209522,-1.4757837246209522,1.1021906018986403,0.3406233438530269,-0.2855568669394151,0.41630619702361976,-1.67528082620358,-1.0017187318417027,0.7855991854227978,0.4163061970236205,-0.9078236442401616,-1.9178514011897698,-1.2768847961381231,1.409715118066695,-0.587028066009197,-0.6803016340716571,-0.6803016340716571,-1.5570825533425767,-0.8386940171782951,-0.3190390065060333,-0.8176357457560411,0.39157555903320934,0.7850351407011075,1.019281951216279,-0.8176357457560406,-1.1877390460984343,-0.11008316158685151,0.0,-0.8031717668575279,-0.7227155376898573,-0.6414528939649021,-0.6414528939649021,0.565598600153765,0.3267823372236906,1.295591722879377,0.3600950142000139,-0.4877236330670717,-1.0716990159195399,-0.4420441308594172,0.3600950142000106,1.9509367632368226,0.05753877248732899,-0.6167671393643105,-0.3680351275635628,0.4761655333658815,0.6720202632093896,0.6720202632093896,0.4768913295743041,-1.771592692278654,0.15942499112230715,-2.135864113524042,-1.4568076865763029,-0.9968747708641457,0.19707424213526217,-2.1358641135240415,0.08467459421001973,-1.9608338339572522,-0.39065322403330366,-0.027081470279681066,-1.0748285336102121,-1.1103255585480343,-1.1103255585480343,0.2535154333749498,-0.7957433618560328,1.5503398848479641,-0.762972461418371,-1.5944352599586558,-1.4808182317808578,-0.3538045884842759,-0.7629724614183698,1.5507078058043995,-1.0177186065529455,-0.16247816846282062,-0.0710762455717626,-0.045556515933391765,0.09042611600803221,0.09042611600803221,0.20829774873863818
5,-1.2531196070656556,0.0394463168668503,-1.3888509780436944,-0.38730472770915864,-0.8094196886654557,0.8106504740577799,-1.3888509780436948,2.512025320527274,-0.9551122416857549,-0.8300761264928445,-1.4845439061889805,-1.02747326856914,-1.1049492151729579,-1.1049492151729579,1.3292818204052639,-0.36665010568405904,0.857707623571762,-0.26855647737649896,1.1210118245448033,0.5569812606109139,0.9326539414295614,-0.26855647737649757,1.9280986893016958,0.9194683733593155,-0.5107539184552494,-1.2665394670519132,-0.5874563415321564,-0.6813367016223675,-0.6813367016223675,1.0679605404764156,-1.9036212243110757,-0.4706868736160468,-2.039522210724776,2.3804625588012502,2.123160298603372,1.2491462235426514,-2.039522210724776,0.09678422184832064,1.7994910392025438,0.0,-0.6862931253052696,-0.8842612734056357,-1.1042782633727946,-1.1042782633727946,0.5304239303789477,0.9558903986211058,1.7950496868233285,0.955399804701045,0.7057681084334775,1.3998814908773423,1.6483234298742395,0.9553998047010418,-0.6504568358620818,-1.2133407648631438,-0.9128153662591795,2.259052962232336,-0.08733875161863627,0.1362745336402918,0.1362745336402918,-2.5366854250122732,0.9141264082142498,-0.6869627011178945,0.90363392821012,-1.1506859589654004,-2.096112852487833,-0.8140199818448198,0.9036339282101202,0.4800802302624659,0.7777271780185298,-1.4621592099532215,-1.3186823844072746,-1.2699203301561732,-1.5817697241585624,-1.5817697241585624,0.9680177844991018,-1.2541294878465878,0.4965568515302948,-1.2464030731172804,-0.1520382507134553,1.0959774718021296,1.2712446898077219,-1.2464030731172793,-1.528898564528046,-0.6948137083527945,0.6174170401587187,0.48279142561798943,1.5731752643503158,1.416651725186275,1.416651725186275,-0.1473675936029706
5,-0.9875562006185148,-0.9132406582793703,-1.0286092338854171,-1.3184318361793852,-0.16302238706774114,0.8033996585109067,-1.028609233885417,-0.8882928415845521,-0.8403579830549399,-0.3428575305079145,-1.1232861658203857,-0.8771245521787644,-0.839226803464266,-0.839226803464266,1.088457925299179,-0.22648927628896875,0.6432519581109939,-0.12528200211895182,0.2456789427938547,0.20199593375899697,-1.2849317791524317,-0.12528200211895144,-0.6799459322083443,0.630279185721106,-1.7720336255829289e-16,0.714013469012466,1.4402579403614113,1.5983224976301198,1.5983224976301198,-0.5686793882848826,0.085309310941749,-0.6915608264124972,0.13090336259493535,0.3405975481837786,-0.09737902948841545,0.4093153200757195,0.13090336259493449,2.158587444992361,0.7311245678369281,0.0,-0.034330248960514315,1.214380025285055,1.235268642043707,1.235268642043707,0.24788704417882707,-0.6367314347008663,-0.8573036400266932,-0.6090324697102169,-1.7108620821279614,-1.126258962875855,-0.6635064442084739,-0.6090324697102202,-0.04523836519982303,-0.7601969413427624,-0.6167671393643105,-1.053530855230327,-0.9265530411297633,-1.1044014072368438,-1.1044014072368438,0.7999219432183663,-0.7750837183285688,-0.6170422157018834,-0.6836403763130343,-0.5434815445273128,0.6777893058246874,1.2008769971844653,-0.683640376313034,-0.426537397354448,-1.299162302209969,-0.39065322403330366,-0.7057412502176142,-1.151051512779024,-1.2678424201530203,-1.2678424201530203,0.7247742257282392,0.6318276494626232,-1.0009737739035531,0.6392583835052601,-0.1957168235656407,-0.41698885526226565,-0.13100177953950298,0.6392583835052599,0.3769287920577907,0.9205313137221646,-0.9423733770843598,-0.9560205440125894,-0.06604537208104327,0.0706206781802348,0.0706206781802348,0.8570403927216933
5,-0.38362975749698836,-0.3443356893765618,-0.3089116283333055,-0.47985892186729745,-0.3028381959794724,0.1921001324052981,-0.3089116283333056,-0.5315933897217004,-0.07902730159234776,-0.18045133184627096,-0.36272405258320817,-0.4171904811201105,-0.2254751456447532,-0.2254751456447532,0.4728538142292138,-0.023155294278201604,-0.37052160761441955,0.07547053501738982,0.9420404174953528,0.26068466492696385,-0.659458883603665,0.07547053501739082,0.7497764486570454,0.9727295584978539,1.021507836910498,-0.1965705436654361,2.706595811656951,2.422021586862993,2.422021586862993,0.40030514065940614,-0.38695838720824494,1.7458591499350335,-0.342990668104192,0.39715709306781904,0.30320466761266207,0.12035740039746644,-0.34299066810419204,0.03976166758625593,-0.4767631374469418,0.0,0.7215296215543472,1.8104737953780863,1.5893398435609727,1.5893398435609727,-0.3254164711251067,-1.26400564226262,-0.6476427432512987,-1.284669764017221,0.5933223819010456,1.0704297212974538,1.5515393272846705,-1.2846697640172255,0.02195486836217841,-0.8263876667767861,-0.9128153662591795,-0.9032060857536136,-0.9289334531530622,-1.1101648703109568,-1.1101648703109568,0.7192277209272318,0.3817855133006951,0.5059407356779833,0.46250443723035406,0.8019423447255428,0.8121055252050375,-0.8164504968063102,0.46250443723035334,-0.7561240214276326,0.2230476183420534,-0.9264062169932625,-0.08486139140722478,1.8040777632840894,1.501626659486226,1.501626659486226,0.30206861303682364,1.0918448050083702,-1.1691821608680864,1.0629504437953203,0.30583368539222733,0.05729255564445677,-0.29949373102556914,1.0629504437953197,-0.08414028844391269,1.116932098932068,-0.9423733770843598,-1.0150939860415156,0.20417103975194936,0.323921555896308,0.323921555896308,0.9207639436981114
5,-0.6979641243642435,-0.3171051618544416,-0.6689341448653314,-0.7192232171038586,-0.5701105232136371,0.229469720223798,-0.6689341448653326,0.06280806895142574,-0.3401700269754748,-0.07218053273850863,-0.6215976053775919,-0.8361114013163637,-0.7746148437059189,-0.7746148437059189,0.6981153113284027,-1.720951609883813,0.19019185066825656,-1.9787284771504428,0.4886461863034116,1.5061272645716977,0.9091251804684795,-1.978728477150442,-1.5331696238863526,-0.17674163381432775,0.5107539184552491,-1.1871762066454643,-0.5467868200442557,-0.5874446306216088,-0.5874446306216088,1.0358418840160062,-0.7111427845323827,-0.731416151309263,-0.6813254068069162,0.46078695316463497,0.6317885322697313,1.5616414434373243,-0.6813254068069161,1.4471202513620371,-0.507477583879996,0.0,-0.5589876345847135,-0.742854670824381,-0.6841461038285224,-0.6841461038285224,0.48775749686286696,-0.21080152714956582,-0.47578141286517933,-0.17126250689804084,-1.8237313330541138,-1.1738113622075654,-0.9612549170222348,-0.17126250689804312,-0.5238624353272628,-0.7181488426137456,-0.6167671393643105,-0.4278275262305474,-0.8563028070446019,-0.9473881254201172,-0.9473881254201172,0.423741594235839,1.3733080829160225,-0.6265853961203111,1.2553947336956581,1.0072832566620744,1.5362716074620568,1.4755251878329014,1.2553947336956588,0.6877176482437615,-0.01984801393549046,-1.0603444652332523,-0.8201377697181564,-0.9841304832387602,-0.9470587831281392,-0.9470587831281392,0.7833213696372249,0.3944388311862244,-0.9220055064687823,0.41567548564112844,-0.1575608288901668,0.4071632428982994,-0.25758456542751124,0.41567548564113,-0.5777038247874484,0.7716795448132031,-0.9423733770843598,-1.1502206732854607,0.020422198587934662,0.15350551443002175,0.15350551443002175,0.9774933037760027
5,1.4030075111051203,-0.39741148778392105,1.3680383066935828,0.6754727431411761,0.5494192065563692,-0.39800470210175787,1.3680383066935826,-0.6717853397010833,1.2512546024989764,0.30676726413865896,0.9033955525669626,1.7228712508019102,1.5028414093886884,1.5028414093886884,-0.8753986531308919,2.1574841818952293,0.1856548912874895,1.8721638688991353,-1.119927160649264,-1.5694716111928235,-1.5339444993238855,1.872163868899136,-0.9109858424017734,-0.3440505645101929,-1.2768847961381231,1.2748248821077166,0.39928309034523124,0.7172346764013452,0.7172346764013452,-1.3485538175624106,0.56899499744068,-0.5157166667465899,0.5955697340264207,-0.0862037543293425,-0.5513303678347873,-0.800602069772888,0.5955697340264211,1.0792410456218138,0.752971356154837,0.0,-0.9729848523204717,-0.8875870243873858,-1.1201711037061313,-1.1201711037061313,0.6030585546117742,-1.6357170096104,0.8129634048980101,-1.704879263838727,1.2641850215521704,0.8732433423436847,0.7806476105887163,-1.7048792638387296,0.7101493132411076,-0.2481354269626648,2.0476669026895107,0.9815008016511287,-0.27479416806201884,-0.07333605570623168,-0.07333605570623168,-0.837345836496163,1.2671981906584786,0.5897045268724479,1.1761654072891978,0.5084182190739367,1.1287034702865824,-0.998739118918104,1.1761654072891987,-1.5901090305048062,0.7392591916937837,-0.39065322403330366,-0.19005711674354925,-0.42373510103564693,-0.20697007554054778,-0.20697007554054778,0.38608490755722297,1.5540295235126707,-1.0618377690010172,1.476808242860218,0.503642394630866,-0.4427169518667362,-0.9268482813556627,1.4768082428602196,0.34533564561651886,1.191016551442076,-0.16247816846282062,-1.161452760489715,-0.42774476917328647,-0.29816079244092375,-0.29816079244092375,0.936028373708122
5,0.5025266430309416,3.1158719851307684,0.5848694846184066,2.019902201386532,-0.9969649859323969,-2.705437311133604,0.5848694846184059,0.20055046587956663,0.9224938584463149,1.389475255216282,1.386968781442775,0.6198919653978648,0.736347805290761,0.736347805290761,-1.5049091653730367,-0.524899807620404,-1.1605422608113014,-0.435652016757245,0.3053360784770048,0.6009246505453333,-0.07712204981688106,-0.43565201675724446,-0.20909206217032336,0.7704764983888815,0.7661308776828735,-0.5097981329837101,-0.646147548510801,-0.8352102134673662,-0.8352102134673662,0.6479145575496708,0.05452007932312173,0.3984472675074413,0.10064479022901163,0.06263715326023489,-0.05947698051165448,-0.8376607977732233,0.10064479022901093,-1.0788358969117187,0.8734233218822007,0.0,0.9158230642917382,1.156151118710619,1.1981641471997444,1.1981641471997444,-0.5191386046658587,0.46800878013957503,-0.47895474556057255,0.49609739999017355,-1.15689217514332,-1.201853385782016,-0.9836547311586858,0.4960973999901709,0.250552645314002,-0.4189182811901529,1.4555704488997725,1.4238377830946838,-0.6070842177208672,-0.5121293220935126,-0.5121293220935126,-1.3970902015873217,-0.9881225578263559,0.662789854490329,-0.9387518792639199,0.5726659890663487,-0.17432391540053663,0.566512516281831,-0.9387518792639196,1.1225705952666525,-0.5162365991202362,1.0826675066065834,1.9631577530228104,-0.3874336601043941,-0.16798379043078587,-0.16798379043078587,-2.352135079402547,0.26219522867280914,-0.1919526650668249,0.28958396971267425,0.23504427421799468,0.5864710481630366,-0.628352387606239,0.28958396971267747,-1.0680798235518805,0.59983556957854,2.177207457401797,0.6237022556592812,1.793024890271933,1.5709117613487245,1.5709117613487245,-0.2729688943706054
5,-0.7680567751566759,-0.26084127048471717,-0.753266841046337,-0.3083145102810936,0.8492013776031395,0.8971025055781898,-0.7532668410463379,0.7645749278007207,-1.132216075552,-1.2631593229238935,-0.8668213565822236,-1.012908557386734,-1.076735965506755,-1.076735965506755,0.8964304921055362,-1.4291102131508464,2.1096358782151206,-1.5393009625682423,0.7576456344747066,0.7023340939665963,1.5738126776190517,-1.5393009625682412,1.3858326729950514,-0.47471752849545223,2.298392633048621,-0.6380824228432939,-0.40418047596186923,-0.30837985092740816,-0.30837985092740816,0.7370469922274099,-0.9831686248531333,0.5840694758556119,-0.9743512484992857,0.33985334364583,0.8977707703807215,1.0328033790001876,-0.9743512484992845,-0.4083907966724603,-0.9336616252613188,0.0,-0.6571107886095405,-0.8619285416850971,-1.0115973141688526,-1.0115973141688526,0.5211903404899434,1.247125024540919,1.199118957125579,1.2222767066117721,0.24920881200423992,1.4211644614238046,1.4720833828006579,1.2222767066117686,-1.901735874113684,-1.1299057752218984,-0.024670685574572474,-0.311837605469463,-0.6619714374230103,-0.5970129296641861,-0.5970129296641861,0.35373438957115605,-0.4869460601021756,-0.5218952161316586,-0.36572996093333104,0.06876191069449235,0.161338616147146,0.5069648997253117,-0.3657299609333313,0.5426830115695502,-0.06242179027692191,0.814791010126604,-0.9873935799317836,-0.10968570601412733,0.10928203347362525,0.10928203347362525,0.8581056253498573,-2.1167282721435887,-0.17733188728981483,-2.2106896314150335,0.3746148863203827,-0.5777822437569774,-0.41324718050600806,-2.210689631415034,0.5835933803689554,-0.13924997993095392,-0.9423733770843598,0.3301797756658538,1.0890210404279896,1.05919975205122,1.05919975205122,-0.04419103448633481
5,0.9687415633741441,-0.687560624944448,1.0028807429171631,0.1129666493352551,0.6240445604426911,0.049314841636104854,1.0028807429171622,0.043643749430374024,0.8611389322581778,0.9563920587852325,0.8819340880047093,0.5362260659330591,0.67021934324029,0.67021934324029,-0.852967122792398,1.102100204695426,0.4669385785351038,1.0687128068757377,-0.7663230473273194,-1.0499258474788469,-1.3633609823560384,1.068712806875739,-0.8494145532691535,-0.2776967204464095,-0.7661308776828739,-0.10151566646363727,-0.5246218891021162,-0.5395467356905126,-0.5395467356905126,0.3158000217183119,1.9568328020992583,2.0491330570744024,1.8331721153409157,-1.8529453274176642,-1.8605862386024217,-1.2207679183171696,1.8331721153409166,-0.42867773801717163,-1.8863496718371193,0.0,2.7550560982282306,1.3124716252506115,1.2966495848379487,1.2966495848379487,-3.1191763448213474,-0.8531305226011773,-1.0409451920827182,-0.8377124997611446,0.44487708190248487,0.10372657507636822,-0.38900306153631276,-0.8377124997611473,0.22107753375795536,1.2011885063124108,1.4555704488997725,-1.1911961161432127,-0.8362328970115923,-0.9063675661278867,-0.9063675661278867,0.874024949552985,-0.47146435689076155,-0.8663931949780417,-0.3493976497620491,-0.6921332476470111,-0.7564924903723355,-0.7836385448261878,-0.349397649762049,-0.7818622055920974,0.303267946357233,0.9487292583665935,1.0225728271402237,0.8413504267545682,0.8790437027373499,0.8790437027373499,-0.8931767751333307,0.9421581416137347,-0.47599648654157645,0.9264218712685091,1.0142298496960827,-0.4038474194047156,-0.9738891815167479,0.9264218712685092,0.7265580491554862,1.0217994446675043,0.22746943584794904,-0.4005996393187285,-0.8326778347583585,-0.766222611092072,-0.766222611092072,0.3947250036681538
5,-0.29817466999815706,-0.26929287020856596,-0.21560937474961692,-0.6226796180251121,-1.2358685788087465,0.0007901529762618856,-0.21560937474961697,-0.8771286521521054,0.22483440792267814,0.9022566592313512,0.43969833995582347,0.3005216202656546,0.4755455237785477,0.4755455237785477,-0.33618595355235464,-0.19320122879804677,-2.0923587507102055,-0.09186141256436385,1.5744060557367443,1.5360986752665198,0.8503032780657739,-0.09186141256436343,0.30869145636004564,1.7776281443270374,0.25537695922762427,-1.3523378154553363,-0.6391713537448778,-0.8154711824535531,-0.8154711824535531,1.0995386625074866,1.106518507540562,-1.545211923534567,1.0903977169040713,-0.710219259398659,-1.0192342426023218,-1.5452821851308667,1.0903977169040708,-0.29545727509045816,1.0544835074180106,0.0,-0.12660305941302608,-0.6612687266893108,-0.5230055741094067,-0.5230055741094067,0.28710254642126065,0.8101512360754715,-1.4879056017466528,0.8198502881675865,0.45694752712348075,0.07369186149856834,-0.7459208547105088,0.8198502881675832,-0.6652711675553825,1.7750815713008106,-0.6167671393643105,-0.3780345781833653,1.163903604106956,1.2098677007306007,1.2098677007306007,0.5336359344066269,1.4006550097556973,-0.807276468692338,1.275627054058167,-0.991956174278266,-0.9518964847004633,-1.951500983822412,1.275627054058167,-1.026047984825226,2.193888434685155,-0.6585297205132832,-0.9560635581085434,1.1006983352513637,1.0582314243259046,1.0582314243259046,0.8451576058391573,-0.2970789594992194,0.4838899523600324,-0.25664821196918136,0.6532540579636436,1.5406762214629037,2.40065393822066,-0.256648211969179,-0.9785063735707075,-1.446129640442496,1.397312248780258,-0.24876991909635118,-1.611632214414401,-2.003922334742874,-2.003922334742874,0.1917572469932166
5,1.9151497691856147,0.1802341923798762,1.7738422674085432,1.9616568895456359,1.9404904485654777,0.2194301294665891,1.7738422674085432,1.1159610179249433,0.9972476689222394,-0.7218053273850821,0.6327684048495716,0.4734981975655849,0.6196669273207889,0.6196669273207889,-0.5554173797288252,0.1966445626997087,-0.37091702361912965,0.2840070013677227,-1.0006128892829638,-0.8058179200916916,0.2287518426771871,0.2840070013677241,0.031553421044640685,-1.2234763803746576,-0.7661308776828739,1.4752423493229665,-0.3246785807461099,-0.17522758671446018,-0.17522758671446018,-1.6611636521777258,0.29073325392547356,0.008814335207219777,0.3306525760078524,-0.5937512492098143,-0.35673409379544474,-0.44854415376975504,0.33065257600785075,-0.5585895087679877,-0.5558026965999395,0.0,-0.4677924067279187,-0.5850390288104205,-0.39402479940350993,-0.39402479940350993,0.4532840157061814,-0.7835826533338448,-0.264841436714844,-0.7637339434333673,1.0329407025815174,0.44378551400900246,-0.45831569395853716,-0.76373394343337,-0.8283865505009267,1.0019993711599264,-0.024670685574572474,-0.04893354810554495,1.5329510290215513,1.465039894735424,1.465039894735424,0.3059353021654069,-0.5520897467896967,2.7734748086641634,-0.4352356178137431,2.1183917494720177,0.09815986130200396,0.780397832893002,-0.4352356178137428,2.1364354600993445,-0.09295087812223561,2.020235244286511,0.9043899541515001,0.991455172124506,0.9839555235920373,0.9839555235920373,-0.7386871097722768,-0.1024354336661077,2.0791147337102163,-0.06407877515131186,-2.3490202599222947,-1.7296044043685996,-0.818654210985169,-0.06407877515131137,1.6452247258939952,-1.442818793083278,0.6174170401587187,1.963451540929559,-1.1340179837384126,-1.1709857108271602,-1.1709857108271602,-2.2983112237242396
5,0.5849316173864721,-0.5324006707312476,0.6609565479223511,-0.31230391520170303,-1.2065179318997954,-1.1147199311580605,0.66095654792235,-0.7566662360736218,1.021491884209378,1.5518814538779246,1.3582512999625471,1.7058231653050038,1.4921646890965308,1.4921646890965308,-1.4624516906887273,0.6876052425609437,-0.1734842706942565,0.7227209393521323,-0.8726212163627506,-0.9382124330419591,-0.3614279114299569,0.7227209393521323,0.6864789698176301,-0.6560475314633905,-0.25537695922762477,0.37822443659894905,-0.28606576671221146,-0.11466022532552075,-0.11466022532552075,-0.1689283877871087,0.7606760868122922,-0.5126918374547129,0.7744849847879971,-1.129950618801277,-0.796218456732552,-0.5396885929057021,0.7744849847879985,-0.8638043698525579,-0.7413559158823555,0.0,-0.08513490129533713,-0.1478217611322825,0.15925383491174286,0.15925383491174286,0.2674288918087456,1.5760110130577343,0.15065100052166436,1.5175712339881355,0.4319595878940515,-0.8123002397412483,-0.8088939170941147,1.5175712339881333,1.460280104647095,1.2792254777106729,-0.6167671393643105,0.018209895701487944,2.0061906066691666,1.7675978842440248,1.7675978842440248,0.2840082994438412,-0.2917740726289299,-0.5651797240851033,-0.16470596287337927,-0.24239885770012892,0.5613321275978004,0.636997450165058,-0.1647059628733787,-0.4734808999475833,-0.28573695147465267,0.41297626540663485,1.1998979864992931,0.6632036295238106,0.7498110083439492,0.7498110083439492,-1.1370466007144244,-0.31037866444488854,0.38937882669114793,-0.26990624371193556,1.3621522748290193,1.364177566469326,1.1309772784183074,-0.2699062437119355,-0.9910195240151501,-0.8810637947930899,-0.9423733770843598,1.6031087699434385,-0.5621397432912261,-0.44594565399779085,-0.44594565399779085,-1.723267267119787
6,1.0000000000000029,1.0,1.0000000000000049,-1.0,1.0,-1.000000000000001,1.0,-1.0,1.0,1.0,0.9999999999999947,-1.0,-1.0000000000000004,-1.0000000000000004,-1.0,-1.0,1.0,-1.0,1.0,0.9999999999999994,-1.0,-1.0,-1.0,-1.0,-1.0,1.0,1.0,1.0,1.0,-0.9999999999999996,-1.0,-1.0,-1.0,1.0000000000000009,1.0,0.0,-1.0000000000000016,-1.0,1.0,0.0,-0.9999999999999999,-0.9999999999999999,-1.0,-1.0,1.0,-1.0000000000000007,1.0,-1.0,-1.0000000000000007,-1.0,-0.9999999999999977,-1.000000000000001,1.0,-1.0000000000000004,1.0000000000000002,1.0,-1.0,-1.0000000000000013,-1.0000000000000013,-1.0000000000000002,0.9999999999999994,-1.0,1.0,1.0,-1.0000000000000013,-0.9999999999999998,0.9999999999999989,1.0,0.9999999999999996,1.0,0.9999999999999993,0.9999999999999998,0.9999999999999994,0.9999999999999994,-1.0,1.0000000000000018,-1.0,0.999999999999997,1.0,-1.0,-1.0000000000000007,1.0,1.0,1.0,0.9999999999999972,0.9999999999999998,1.0,1.0,1.0,-1.0
6,-0.9999999999999971,-1.0,-0.9999999999999951,1.0,-1.0,0.9999999999999989,-1.0,1.0,-1.0,-1.0,-1.0000000000000053,1.0,0.9999999999999994,0.9999999999999994,1.0,1.0,-1.0,1.0,-1.0,-1.0000000000000004,1.0,1.0,1.0000000000000002,1.0,1.0,-1.0,-1.0,-1.0,-1.0,1.0000000000000004,1.0,1.0,1.0,-0.9999999999999992,-1.0,0.0,0.9999999999999986,0.9999999999999998,-1.0,0.0,1.0000000000000002,1.0000000000000002,1.0,1.0,-1.0,0.9999999999999992,-1.0,1.0,0.9999999999999993,1.0,1.0000000000000024,0.9999999999999988,-1.0,0.9999999999999996,-0.9999999999999999,-1.0,1.0,0.9999999999999986,0.9999999999999986,0.9999999999999999,-1.0000000000000007,1.0,-1.0,-1.0,0.9999999999999987,1.0000000000000002,-1.000000000000001,-1.0,-1.0000000000000004,-1.0,-1.0000000000000007,-1.0000000000000002,-1.0000000000000004,-1.0000000000000004,1.0,-0.9999999999999982,1.0,-1.000000000000003,-1.0,0.9999999999999998,0.9999999999999993,-1.0,-1.0,-1.0,-1.0000000000000029,-1.0000000000000002,-1.0,-1.0,-1.0,1.0
4,3.458429929429666,4.100944497321412,3.08641852189029,3.8168915795407306,1.9260345069192744,-2.8612271770677453,3.0864185218902893,3.4052279439270703,2.9637367510343986,-0.5939432993033149,0.9529549329597177,2.3180973856483047,2.0103945643359036,2.0103945643359036,-0.9149847845048581,0.03613554776220529,-0.0796352665534445,0.08732501554500995,0.3212951305254775,-0.057275505053571596,-0.504116515998068,0.08732501554501035,-0.3436983761840613,0.2778150932559468,-0.4622989472437627,0.002979371177815967,-1.1119026585989862,-1.3412733596863036,-1.3412733596863036,0.13224718367231864,0.0,0.0,0.0,0.0,0.0,0.0,0.0,0.0,0.0,0.0,0.0,0.0,0.0,0.0,0.0,0.6502759645453722,-0.461303331696049,0.670074306125187,0.3520813981074622,-0.3277073876139633,-0.3323503049047412,0.6700743061251835,0.6191324656514945,0.9786086281999257,3.476487380669049,1.851608141534077,1.487224681091115,1.4712716283863978,1.4712716283863978,-2.106853890962783,-0.47046771909399304,2.2606951847276275,-0.42321783634127114,0.9620735631718129,-0.605904746096589,-2.7337032958057894,-0.4232178363412709,-0.2458788486440114,0.095176186550578,1.4004976974373904,2.532809179509073,1.9190294923673978,1.7211858753439877,1.7211858753439877,-3.026984514924065,-0.08680579845019488,2.743402300378292,-0.06362609449940365,0.37644028639148047,1.2982441705346939,-2.1837403557625463,-0.06362609449940738,-1.8156553826502506,-0.9351632134099672,2.3897519650117007,1.7872127032254603,0.9684121580779527,0.9986789678988784,0.9986789678988784,-1.9284013394625932
0,1.0177357483690992,-0.5971282131854635,1.018550309918881,0.1319660754817686,0.8411857259236897,-0.7891794998001375,1.0185503099188813,-1.3517809096706983,0.5833313604015367,0.048483174530860894,-0.45240905879255594,-0.2770514467973129,0.05913042046180491,0.05913042046180491,0.5121209154825767,-0.10085425041547909,-0.6011550356611951,0.2228126657250552,-0.17744023607750437,-0.3004354568616511,-0.39530815289481175,0.22281266572505506,0.8557909852627438,0.5102076378933825,-0.5345224838248488,-0.5364355414219021,0.6387256941578778,0.8281764985051063,0.8281764985051063,0.6578852836042764,1.7528152199206306,0.4374799955810235,1.549754465235645,-1.9574459698051268,-1.6055748617309005,-1.2142968178747444,1.549754465235645,1.5399108435326743,-0.5466748644488072,-0.8164965809277261,-1.0862366568848938,-0.5124715961046721,-0.45441252991988546,-0.45441252991988546,1.025681523789901,-0.8405000157333744,-0.6470351717752348,-0.8368142266096815,1.0772890991119541,-0.920941964956573,-0.78568360251844,-0.8368142266096807,0.34809963440925534,0.7912313824700269,0.7302967433402214,-0.5752793716419429,0.854427667704675,1.2549423748863193,1.2549423748863193,0.7228691876984219,0.23273612993326462,2.3526221220596866,0.4285534499567725,0.3930829827353858,0.8398620590610345,-0.1737154568875345,0.4285534499567722,-1.4737864526891808,-0.2357256303973586,-0.42759305524706837,0.7742575585180476,-0.11125139485182751,0.2895336563187295,0.2895336563187295,-0.4462541884153022,0.4136094437128988,0.0425854224252909,0.4922976306700455,0.32560138696338375,-1.6602464320051655,-0.6957845713029048,0.4922976306700463,1.9997026836877654,0.5222704280140893,0.5345224838248488,-0.7485646354651858,1.330251068588992,1.3547233721378558,1.3547233721378558,0.6904031306081538
0,1.7666772122942962,-0.48806597160627546,1.6102172502654348,0.07105865599733412,2.082844561443114,0.6721159705197699,1.6102172502654355,0.4969943806827811,-0.3635687853662036,-0.9551185382579582,-0.0034638447007933827,-0.6155133363885024,-0.42322598561283986,-0.42322598561283986,0.11607719884819753,-0.8103106400072759,-1.3992787460278082,-0.536615615343601,0.4390489040766061,0.391363179261185,0.2597410031418939,-0.5366156153436011,-0.02494456638650377,0.32208728380126056,-0.5345224838248488,-0.6724965138816289,-0.696380179028709,-0.4149554023320876,-0.4149554023320876,0.7492638831249532,0.4943336586830609,-1.2318199711429543,0.8344783227171986,0.09241416617995828,-0.7513983570342592,-1.2142968178747444,0.8344783227171988,0.287576391701095,1.9753266481058798,-0.8164965809277261,0.3950516625958856,1.996546521317383,1.9494891876602551,1.9494891876602551,-0.1533289676443553,0.1930851349785259,0.33755832637556027,0.27510639088892436,0.1591276489195254,0.5481821598841162,-0.4660010253476913,0.275106390888925,-1.6379259742611167,0.3080188207206546,-0.3651483716701107,-0.041897620326317775,2.560862597930675,2.2645649614682983,2.2645649614682983,0.4917216647087012,-0.8742178667823369,-0.5695124989773369,-0.7475188678226115,-0.09417977186223306,-0.5650678890948067,0.7601033191759174,-0.7475188678226119,1.4288122548042432,-0.4297240038618859,2.504473609304257,-0.2984299821307701,-0.6649144791118776,-0.8336820732657801,-0.8336820732657801,0.3923964492262897,-0.23108466401889094,-0.7672792061948785,-0.08309787918557603,-1.230123795227591,-1.865740992902176,-0.7172950245544755,-0.08309787918557528,0.31964168614317545,0.04996329046973982,-0.2672612419124243,-0.40784876777453827,1.3820735724271256,1.3851208130079633,1.3851208130079633,0.5992063455938484
0,-1.258886325831014,-0.4066747916464734,-1.3495456917124418,-1.2506323462043396,-0.25476576461132033,1.2048977891923798,-1.3495456917124418,-0.023766987525240778,-1.2973847569281605,-0.9551185382579582,-0.5319289668796656,-0.83536901635331,-1.1130622432582378,-1.1130622432582378,0.5769285546711609,-1.1098634436060142,0.1664186125045164,-1.2614624460357737,1.087772725861901,1.2597359057024393,1.2578593219379193,-1.261462446035774,-1.3513334728011719,-1.2522932735021108,1.8708286933869707,-0.505544701855272,-0.9194364639372006,-1.023035070052506,-1.023035070052506,0.6358550199674227,-0.7435247259022705,1.643190329566671,-0.7293098175645354,0.6060376911537717,0.7357530858689585,0.5928727766671019,-0.7293098175645354,-1.3336033836468362,-0.22451378421673168,1.2247448713915892,1.3944722898006583,-0.38851801676277276,-0.10612104525643187,-0.10612104525643187,-1.6371910605652717,1.2511378491573144,2.299385273791871,1.2383625002050118,-0.8505449093086767,1.2413856424492475,1.3997564427171536,1.2383625002050118,2.135093847371311,-1.384414384413101,-0.9128709291752769,1.1910434468468767,-0.5394764923311259,-0.7069649530499685,-0.7069649530499685,-1.0856356485760108,-1.1697985059201563,-0.29647123796048613,-1.3428381947598726,-1.3475887359579277,-0.808837947196285,0.9822389877476022,-1.3428381947598729,1.3695119841095862,-1.339890610866602,-0.7941013883159841,-0.4872164280949444,-0.6557366079111012,-0.7676552815975992,-0.7676552815975992,0.4907218759263298,-1.1795536859729827,2.1608254465749526,-1.1570545382593045,-0.9707309490560486,0.995014058423951,1.4374322711692515,-1.1570545382593045,-1.4411502191398338,-1.3592854628884672,-1.0690449676496974,1.0793900373405583,-0.7291832099802988,-0.7546863783704854,-0.7546863783704854,-0.8096474790721981
0,-1.1758185955525695,0.0207028229704244,-1.2356764121666233,-1.3091034689501007,-0.14897365934630075,1.2905540301641387,-1.2356764121666226,-1.4425979022441613,-1.37526239346876,-0.9551185382579582,1.505644282483104,-0.8402087250997553,-1.1811518199957283,-1.1811518199957283,-1.5494993963478452,-1.0978637174479753,0.9939819589361298,-1.195531545103002,1.1065763152792312,1.3443266653575658,1.4765726767669962,-1.1955315451030022,-0.8715419802233532,-1.6974489757124316,-0.5345224838248488,1.401077925899254,-0.9301870931166809,-1.1455998995870145,-1.1455998995870145,-1.522316700355792,-0.7525945039929617,-0.764191928783197,-0.8451984161832559,0.6345033754981174,0.8423898509370845,1.0031036423223023,-0.845198416183256,0.32117593108272885,-0.7112720805175036,-0.8164965809277261,-1.209596045061124,-0.5550631033556699,-0.7870538206191667,-0.7870538206191667,1.0721960645632511,1.3239595770830974,-0.43432250874714956,1.2999813239099647,-1.0320419402717786,1.259094331231865,1.4127751901999672,1.299981323909965,-0.2822972924315882,-1.3964817487343582,-0.9128709291752769,1.4838548610465192,-0.5422335617101832,-0.7725501029880069,-0.7725501029880069,-1.6145242886143532,-1.1457278426774449,-0.40056086015574716,-1.2766491546162395,-1.4760631602078274,-0.7147412630883102,1.031759678010787,-1.2766491546162395,-0.3682519541394928,-1.4433620746908422,-0.7941013883159841,-0.24803357532414178,-0.6576457047899305,-0.7798122930480084,-0.7798122930480084,0.36365496132980657,-1.3148688269395725,-0.26949609389498425,-1.3501205944271226,-1.0781530778189539,0.8797794527094029,1.4197975752638063,-1.3501205944271224,0.06385498337125813,-1.3664260331776688,-1.0690449676496974,1.1530434664212075,-0.7610595619158359,-0.9099819842532886,-0.9099819842532886,-0.9196416457944523
0,-1.062257347530609,2.5377336094318244,-1.0855924087877629,-1.0557286039559082,-0.042543153453912526,1.0284459328764217,-1.0855924087877629,-0.367622477376845,-1.1827601470474371,-0.9551185382579582,-1.5856502686945364,-0.8187575151590647,-0.988972703481581,-0.988972703481581,1.3071656318520002,-1.106834568768414,-0.11194815350809549,-1.2431385032270674,1.148212833982847,1.2177556045809261,1.1220497828101457,-1.2431385032270676,-1.1416660983698512,-0.9066070645781025,1.8708286933869707,-0.7127039495806294,-0.8912710576921955,-0.8754915044830855,-0.8754915044830855,0.7747366657355714,-0.7510296487084593,-0.08465842522154332,-0.8097245542050523,0.6244907369732795,0.7788302819591165,0.8326172167600848,-0.8097245542050524,-0.8150597826696622,-0.49286591892283715,1.2247448713915892,0.5063087495494741,-0.5404938050942688,-0.6019017918647711,-0.6019017918647711,-0.30735756014352494,1.387197076365854,1.096525580045682,1.3530710445904535,-0.9283293511136046,1.274282357718257,1.4111971602053797,1.3530710445904541,-1.0680810991844585,-1.39330593980427,-0.9128709291752769,1.420154438652846,-0.5408599633028173,-0.7319227112448843,-0.7319227112448843,-1.4937480891172747,-0.9673150723500896,-0.7124033256001908,-0.900767021306099,-1.1360760138453831,-1.5541155683630032,-0.3406709279195371,-0.9007670213060991,-0.5156191546744755,-0.17578063621407536,0.12216944435630527,-0.5235533404629803,-0.5973249076511989,-0.5262191076045082,-0.5262191076045082,0.5079586691102981,-1.4113565277729185,1.3848724172057771,-1.4981525749816171,-1.0844720265448722,0.790714179396684,1.379102123145677,-1.498152574981617,1.210988289800715,-1.3591838545217376,-1.0690449676496974,1.8824800886759048,-0.7169081921693014,-0.7097919304652914,-0.7097919304652914,-2.214092058635933
1,1.0219180978938884,-0.8850908029162855,0.9206185683494176,1.2839427853021124,0.6725484252992133,-0.24084835820629039,0.9206185683494172,0.5345139888113895,1.165531025702525,-0.10690449676496984,-1.7016752649618676,1.1260558253200683,1.0826630665586707,1.0826630665586707,1.6948504409618437,0.5141918160654956,-0.4778594644658217,0.5651250627834499,1.4262005954982997,0.49559036208984697,-0.7787652153514026,0.5651250627834502,-0.11988217469472447,1.2788695917169282,1.0,-1.4747807952106915,-0.7498315294755251,-0.7614458153861107,-0.7614458153861107,1.2292777026918837,1.3879884227191734,0.43387086990240276,1.3840520519672528,-1.512049338856202,-1.414829927182034,-0.8612877161738666,1.3840520519672446,-1.0200751314944665,-1.4138193361240454,0.0,-0.5541088512093653,-0.6481518203448192,-0.6154005444524856,-0.6154005444524856,0.7470620619764179,-1.1079194856760197,1.6119758889166884,-1.1251902827745563,-0.5813796190450291,1.3315115446484393,1.656536923029375,-1.1251902827745555,-0.8951814819680755,-1.6350613317520593,1.0000000000000002,-1.5052069415330311,-1.2775871294651175,-1.4950212212579468,-1.4950212212579468,1.1898426203728767,0.41428906529949133,0.3896151780459011,0.5074985413476812,-1.0393138807656317,-1.1875598437016124,-1.3674764273641244,0.5074985413476818,-1.3517902307561647,1.2694082659428785,0.1524985703326048,-0.8640049284398523,-0.47193238078822486,-0.3801707879363247,-0.3801707879363247,0.6754074808899917,1.7231614211827881,-1.3614468213022237,1.721491670199345,0.725179741677301,0.31975845306368683,-0.6262187419531684,1.7214916701993468,-0.8486749199045974,1.5226410797812064,-0.9045340337332907,0.6760103120234169,1.513329677226822,1.2141132947364601,1.2141132947364601,0.011771635711410001
1,0.24307793562463487,-0.7820113264908278,0.32406469687816913,0.39130273620425415,0.07561752140424562,0.7502971488154802,0.32406469687816863,0.8977881004866499,0.767277549586509,0.3207134902949089,0.3091268876950707,-0.4980966226205793,-0.41644527388558167,-0.41644527388558167,-0.28185718693842626,1.3873476953996688,-0.6952940761692245,1.354401460684511,0.10896272663321728,-1.7220500122293296,-1.1944289640540422,1.3544014606845107,-0.12124767844891905,0.6052101775269549,1.0,0.0009995201975570556,1.6556201483875816,1.5358555490527386,1.5358555490527386,0.23134840710144444,0.5096804712684355,-0.037148657674309755,0.5158271745290375,0.7595662564714442,-0.46621975150002304,-0.738018900533924,0.5158271745290263,0.5189525326473116,1.3967917569413246,0.0,0.6972488950426081,-0.18925650051471377,0.029962168380882045,0.029962168380882045,-0.5815778633855034,-0.7505354982326491,-0.19306439175515694,-0.742698223424066,-1.1438525838121711,-1.3518538620178515,-0.9382684035642677,-0.7426982234240674,1.4557418892928113,0.24697438235272015,1.0000000000000002,0.7226290055887653,-0.3736609731196838,-0.13438552198859166,-0.13438552198859166,-1.317088875018015,-0.8498971195660795,0.6088347097008545,-0.8441830384794078,0.5115793713613214,-0.7200748285787439,-0.5448597735901826,-0.8441830384794079,-0.26540078669152106,0.4378757556463834,1.5758185601035815,-0.23345775671510813,1.7214406874005435,1.6955526991344996,1.6955526991344996,0.44555404272604865,-0.41884627563457755,0.8179051538856279,-0.4045425434485351,-0.8815590229530637,-0.86341544713241,-0.5886569997820917,-0.4045425434485338,0.9097379721206073,-0.0023125609411283514,1.5075567228888183,0.6722950582548173,-0.07082824754589016,0.20733420074608755,0.20733420074608755,-1.1046405383451647
1,-1.656336147520322,1.6131207539861103,-1.688368205565595,-1.4681579754898975,-1.6512056111944868,-1.5293375173345924,-1.6883682055655953,-1.686338316490324,-1.2704997460699352,1.282853961179637,0.8361783851514462,-1.3832624574428416,-1.435944093573882,-1.435944093573882,-0.8642361924110691,-0.9123842667497067,1.7267679527321547,-0.9153824688097619,-0.14479928623647198,0.7489359628721485,0.8863061270797026,-0.9153824688097619,1.5244622628508449,-0.6078730700199185,-1.0,0.1290234711998884,-0.0744447813930572,0.22984164068296797,0.22984164068296797,0.09692328614838222,-1.0298910321705521,-1.564318973078756,-1.0322551823302,-0.2770771039788909,1.0170802886127024,-0.04728846806876672,-1.0322551823302106,-0.8818196138356986,-0.1495094734367743,0.0,-1.3358015717719096,-0.8449126420214805,-1.0204859353673976,-1.0204859353673976,1.160232750487083,1.420289308605033,-1.1323061688234766,1.4018344328840497,1.5204101148467544,-0.43668521492843126,-0.6016038377068141,1.4018344328840497,0.39881908251366666,1.0827499232725575,-0.9999999999999997,1.064321385664318,1.4832099603747726,1.2726165249611072,1.2726165249611072,-0.5850122206917752,1.444825271459486,-1.7196898594135546,1.3875883276592569,1.3861108440884642,1.308541762583863,1.0042366712200541,1.3875883276592569,1.4389018632051285,-0.2455885132362348,-0.8641585652180931,-0.5907380047082257,-0.7537624545485816,-0.8979579220175974,-0.8979579220175974,0.6050725319230111,-0.7004458450621818,-0.5436354882884094,-0.711551200182946,1.2367967335526286,1.4974888973385279,1.7306857263976863,-0.7115512001829447,-1.1373881912263577,-1.2729309664249806,0.3015113445777639,-1.7186778707913333,-1.2976236236670233,-1.5688277465486313,-1.5688277465486313,1.5910514841248888
1,0.3913401140017982,0.05398137542100305,0.44368494033800787,-0.20708754601647006,0.9030396644910277,1.0198887267254015,0.44368494033800787,0.25403622719228486,-0.6623088292190983,-1.4966629547095767,0.5563699921153521,0.7553032547433538,0.7697263009007944,0.7697263009007944,-0.5487570616123484,-0.9891552447154567,-0.5536144120971084,-1.0041440546582001,-1.390364035895045,0.4775236872673311,1.0868880523257438,-1.0041440546582001,-1.2833324097072014,-1.2762066992239656,-1.0,1.3447578038132468,-0.8313438375189995,-1.0042513743495962,-1.0042513743495962,-1.5575493959417108,-0.867777861817068,1.167596760850661,-0.8676240441660623,1.0295601863636485,0.8639693900693709,1.6465950847765858,-0.8676240441660684,1.3829422126828537,0.1665370526194982,0.0,1.1926615279386668,1.682320962881014,1.6059243114390005,1.6059243114390005,-1.3257169490779972,0.4381656753036346,-0.28660532833805585,0.4660540733145724,0.20482208801043897,0.45702753229784326,-0.11666468175829578,0.46605407331457316,-0.9593794898384025,0.3053370261267795,-0.9999999999999997,-0.28174344972005383,0.168038142210029,0.35679021828543217,0.35679021828543217,0.7122584753369132,-1.0092172171928984,0.721239971666799,-1.0509038305275304,-0.858376334684154,0.5990929096964936,0.9080995297342528,-1.0509038305275307,0.178289154242557,-1.4616955083530285,-0.8641585652180931,1.6882006898631865,-0.4957458520637367,-0.4174239891805764,-0.4174239891805764,-1.7260340555390516,-0.6038693004860264,1.0871771557050036,-0.605397926567864,-1.0804174522768648,-0.9538319032698048,-0.5158099846624249,-0.6053979265678615,1.0763251390103479,-0.24739755241509526,-0.9045340337332907,0.37037250051309745,-0.14487780601390832,0.14738025106608427,0.14738025106608427,-0.4981825814911344
2,0.7320049787652781,-0.702504215356377,0.7542275603915805,1.2417803060383261,0.6882225100083004,0.8421642487478901,0.7542275603915819,0.7598164512042644,-0.2720398174250421,-0.1428571428571426,-0.2852460657552009,-0.3457265102019691,-0.2655714871186515,-0.2655714871186515,0.37590840759750055,-0.5275256073527804,1.0004954188147175,-0.5199528991077408,0.8082673554111093,0.5820491061837363,-0.19998246140663065,-0.5199528991077415,0.821482672353174,0.8171877153566139,0.0,-0.5596829171721709,1.5826742062463854,1.508396696677325,1.508396696677325,0.5739488363454691,-0.790819047114195,-0.9556384055383604,-0.7916548317813434,0.05050487738512198,0.7752313985319453,0.0,-0.7916548317813641,-1.0029591991817286,0.48838647610531133,0.0,-0.9041693884917514,-0.4049789709432599,-0.14011827212468295,-0.14011827212468295,0.7569440730796468,0.34656547554162775,-1.4614094086890015,0.35619751032096314,0.4445493816636106,-0.4911282272363018,1.3258008527985474,0.35619751032096286,0.5725187059144271,1.4379556199172823,-0.9622504486493761,1.5258900214259608,1.6902639912102493,1.6570006742888357,1.6570006742888357,-0.7721550945481312,-1.485635912916528,-1.1978347914450098,-1.5527298164237897,-1.428088420634847,-1.4180677693012675,-0.6968077212813352,-1.5527298164237897,-1.102108365642649,-0.24057956283205872,1.3837215452125167,-0.1715252617893033,-1.0203930355666644,-1.195715931443608,-1.195715931443608,0.3393773650381783,-1.267585603430014,1.1762233350513744,-1.2828980369949585,-1.1530088224173305,-1.1579289712171639,-0.22941188367659363,-1.2828980369949619,0.9689656427511805,-1.6048692554413317,1.0000000000000002,-1.0514667883571194,-1.4893139217745033,-1.5574270839264424,-1.5574270839264424,0.7378911031361769
2,-1.0195736450053599,0.6343110892297694,-1.0256110154094615,0.5724321343388356,-1.0212318038764998,-0.5728179405376381,-1.0256110154094602,0.3828539707875475,0.9215559036220319,1.0000000000000002,1.7027356108669267,1.7142406772204197,1.6998855495942957,1.6998855495942957,-1.718123501565325,1.642908409417377,-0.23057975683407833,1.6339315285918925,-0.9222967699180438,-1.551574118473499,-0.9479688105638924,1.6339315285918925,-0.47454317885343056,-0.8639497130195628,0.0,1.7257536032646725,-0.5577445559826116,-0.49255217490775555,-0.49255217490775555,-1.731224527800303,0.09745103852463938,-1.0158523010861138,0.10224073749207865,-0.45327066426312024,-0.11995528004173957,0.0,0.10224073749205695,-0.995674425592134,-0.21561994824147113,0.0,-0.8531142500754734,-0.5637840344675954,-0.41808859841853446,-0.41808859841853446,0.7490222455030371,-1.6827563734238573,1.2561930399896788,-1.6866517233859766,-1.4941505345700912,-1.3983149081546642,-0.3258324129758962,-1.6866517233859786,1.3483752037312724,-1.2038710924430576,1.347150628109127,-0.21754879926357534,-0.5303883466944285,-0.4915463079193567,-0.4915463079193567,-0.535836570333114,1.3310369804709135,1.1949879745709204,1.237393107907536,1.3824301762806233,1.3634493897410247,1.7019374431296337,1.237393107907536,1.5818037572584698,-0.9672784322200352,-1.1593342676104865,1.6818812929977052,-0.33498226166734896,-0.21018909674967187,-0.21018909674967187,-1.7144057133568649,0.8449400133237515,-1.2611702969932637,0.850420428998624,0.7824727735614915,0.9245366049102425,-0.057352970919130164,0.8504204289986201,-0.9079845146463587,0.9042626959416343,-0.9999999999999998,1.3307457362223618,1.1862005653769059,1.0967079653397704,1.0967079653397704,-1.4154537709446855
2,-0.947840699702993,1.279450351803918,-0.9465370704787625,-1.3993560214592464,-0.9353092630724231,-1.3442940179000331,-0.9465370704787627,-1.7165980521996387,0.872278606532666,0.7142857142857146,-0.6230481675872617,-0.736394248954538,-0.7920986371800312,-0.7920986371800312,0.6164549019020342,-1.0052007832143985,0.766010637167596,-1.0257336742330043,1.172714307658764,1.1108005314061928,-0.5220321395160049,-1.0257336742330048,1.0593707709879743,1.160197120513195,0.0,-0.7027623461878322,0.06147897575772242,0.18711792293264956,0.18711792293264956,0.622231736263633,1.5966297895479156,0.7497246581552093,1.5947437590479285,-1.1607633583891728,-1.5865927077111541,0.0,1.5947437590479088,0.9471770964298686,-1.4924411348423647,0.0,0.20386374463811044,-0.750302407298838,-1.0717798569724684,-1.0717798569724684,0.1776172032753299,0.38924037809576106,0.4667542453510713,0.3975751953595802,-0.18901268246505204,1.0409265600454602,-1.4044500559306459,0.39757519535957747,-1.0282331454657434,-0.5943158985247717,0.5773502691896257,-1.274030992799114,-0.8873789437253015,-0.9911320390155376,-0.9911320390155376,1.7173007233721007,0.14540260827545326,-0.7526294746061878,0.22158155251381317,-0.132747117844684,-0.22626326494520974,-0.7399728013607106,0.2215815525138131,-0.5298478591998887,1.6709419872323237,0.48617243480439787,-0.730011268409931,1.6595389202358757,1.5798217976132678,1.5798217976132678,0.6755857465791115,1.1029472856441211,-0.6724881106166612,1.093005386364069,1.182679306776364,1.059351094950941,-1.253572078661285,1.0930053863640667,-1.0875644392706334,0.7753202641519727,-0.9999999999999998,0.5967486754653738,0.557101624964782,0.5947230206180405,0.5947230206180405,-0.4430312260572287
2,1.2354093659430745,-1.2112572256773104,1.2179205254966436,-0.4148564189179138,1.2683185569406235,1.0749477096897815,1.2179205254966436,0.5739276302078267,-1.5217946927296602,-1.5714285714285714,-0.7944413775244646,-0.6321199180639117,-0.6422154252956126,-0.6422154252956126,0.7257601920657902,-0.11018201885019954,-1.535926299148235,-0.08824495525114745,-1.0586848931518293,-0.14127551911643216,1.6699834114865235,-0.08824495525114887,-1.406310264487718,-1.1134351228502466,0.0,-0.4633083399046699,-1.086408626021496,-1.2029624447022214,-1.2029624447022214,0.5350439551912011,-0.9032617809583463,1.221766048469265,-0.905329664758651,1.5635291452671654,0.9313165892209263,0.0,-0.9053296647586703,1.0514565283439936,1.2196746069785238,0.0,1.5534198939291148,1.7190654127096934,1.6299867275156856,1.6299867275156856,-1.6835835218580137,0.9469505197864686,-0.2615378766517477,0.9328790177054331,1.2386138353715326,0.8485165753455057,0.4044816161080197,0.9328790177054314,-0.892660764179956,0.36023137105054703,-0.9622504486493761,-0.0343102293632705,-0.2724967007905195,-0.17432232735394268,-0.17432232735394268,-0.4093090584908571,0.009196324170160081,0.7554762914802772,0.09375515600244042,0.17840536219890668,0.2808816445054542,-0.2651569204875875,0.09375515600244004,0.05015246758406773,-0.4630839921802308,-0.7105597124064271,-0.7803447627984712,-0.3041636230018621,-0.17391676941998777,-0.17391676941998777,0.699442601739575,-0.6803016955378633,0.7574350725585517,-0.660527778367732,-0.812143257920527,-0.82595872864402,1.5403369332569843,-0.6605277783677334,1.0265833111658114,-0.07471370465227718,1.0000000000000002,-0.8760276233306183,-0.25398826856718504,-0.13400390203137066,-0.13400390203137066,1.120593893865737
4,-1.5084087900292693,1.0595767197580235,-1.7770178844152869,-1.1845400151804637,0.4416834332863715,1.8891341864487732,-1.7770178844152869,0.7385228776541028,-2.067912282470182,-1.8115080540355588,0.9435117674721247,-1.0711111861168892,-1.4760402573433318,-1.4760402573433318,-0.9451578897264226,-1.4436032679007715,-1.0357607138785225,-1.4579266829031832,-0.9340645035362737,1.2302459553137675,1.786800171831114,-1.4579266829031816,-0.32262568770070243,-1.678819133859635,-0.3478505426185217,-0.06008701076591847,-0.9892769843943258,-1.5821542873676733,-1.5821542873676733,0.22580822040680779,-1.0,-1.0,-1.0,1.0000000000000042,0.9999999999999905,0.0,-0.9999999999999902,-0.9999999999999999,0.9999999999999999,0.0,-1.0000000000000002,0.9999999999999994,1.0,1.0,1.0,0.9189134513102043,3.2717929787086706,0.9162816717556291,-1.6202044895967047,2.9257482459978563,2.4927320189265036,0.9162816717556369,-3.0219323530540443,-3.2550935708139646,-1.0360237735649558,-1.1040388112781885,-0.2363928605073438,-0.10739898608989586,-0.10739898608989586,1.0332419002559439,-0.8313936346348231,-0.2797768281400569,-1.0407351189313556,-0.9484943006848031,-0.30362341708448476,1.7716130581404916,-1.0407351189313563,-0.28072222340006875,-1.421533515743748,-1.6226787861134688,0.7899186994650429,-0.8373485541636837,-1.2143619367002016,-1.2143619367002016,-0.6613960305185743,-1.5836227351006897,-0.15723794609675457,-1.6287487059247971,-1.1383485456299274,-1.857933450943808,0.4780148650108369,-1.6287487059247994,1.6032009082479373,-1.1732017835159123,-1.5911972426777856,-0.8092158126741557,0.43770210186551356,0.7293430756442425,0.7293430756442425,0.7382344328224778
4,-1.0320142744198226,1.6730913058577512,-1.101522779200853,-0.005752421345878368,0.0737964432999581,1.3078587815099052,-1.1015227792008542,0.6973961688264408,-1.1626855713128172,0.02193109024256224,0.16580944717745708,-0.934588840918094,-1.1716305022141833,-1.1716305022141833,-0.12297452781747095,-1.7925250905232863,1.876154604514923,-1.894207106689087,0.5279056430350033,1.7108014657265151,1.1007505843469485,-1.894207106689085,-0.681915160632546,-1.2603658653145315,-0.3478505426185217,1.032110483491659,-0.29303274685246516,-0.26472747904213206,-0.26472747904213206,-0.8008248676197496,1.0,1.0,1.0,-0.9999999999999956,-1.0000000000000095,0.0,1.0000000000000098,1.0000000000000002,-1.0000000000000002,0.0,1.0,-1.0000000000000007,-1.0,-1.0,-1.0,-2.0193917894808577,0.7902863473707046,-2.062851984763157,-1.0670916550478573,-1.563445903652343,-1.2842386883355725,-2.0628519847631543,1.2201548083422362,-1.3720584050255364,-0.871986676083838,-0.26381499489126287,-0.4657262522943252,-0.37239852389894745,-0.37239852389894745,0.37167595758945743,-0.9653558434602104,-0.6866065718589527,-1.3171439685581108,-1.0193313621154743,-1.1663874996087986,0.6724401448085446,-1.3171439685581112,-0.523267301525257,-0.9239262960632985,0.003423372966484267,0.22079316314867312,-0.6387506014923617,-0.743837871660411,-0.743837871660411,-0.02791023543450086,-0.806463683331811,2.169649717366185,-0.8100407545379092,-1.6817223665629433,-2.7322966976431666,0.41352457231941636,-0.8100407545379164,2.5888085755417944,-1.3668898418437936,0.034219295541457494,-0.5955735040585979,0.16469709274814232,0.43924570300331334,0.43924570300331334,0.6064709226854063
